Step,Generator,Discriminator,Real,Fake
0,-0.372696,0.0211339,-0.351563,0.372696
1,-6.17464e-08,8.59596e-09,-5.31504e-08,6.17464e-08
2,-6.84363e-08,1.57981e-08,-5.26382e-08,6.84363e-08
3,-6.60388e-08,1.42421e-08,-5.17967e-08,6.60388e-08
4,-6.11485e-08,6.42001e-09,-5.47284e-08,6.11485e-08
5,-6.13286e-08,3.27342e-09,-5.80552e-08,6.13286e-08
6,-6.05592e-08,1.3104e-08,-4.74552e-08,6.05592e-08
7,-5.37211e-08,5.57209e-09,-4.81491e-08,5.37211e-08
8,-3.82049e-08,1.4512e-08,-2.36929e-08,3.82049e-08
9,3.06146e-09,6.08038e-09,9.14185e-09,-3.06146e-09
10,6.7233e-08,1.87807e-09,6.91111e-08,-6.7233e-08
11,1.26907e-07,1.86522e-09,1.28772e-07,-1.26907e-07
12,1.30026e-07,1.48079e-09,1.31507e-07,-1.30026e-07
13,1.49833e-07,2.12006e-09,1.51953e-07,-1.49833e-07
14,1.49519e-07,2.31904e-09,1.51838e-07,-1.49519e-07
15,1.49508e-07,2.66297e-10,1.49774e-07,-1.49508e-07
16,1.49943e-07,3.97023e-10,1.5034e-07,-1.49943e-07
17,1.91654e-07,1.39704e-09,1.93051e-07,-1.91654e-07
18,1.92439e-07,9.57769e-10,1.93397e-07,-1.92439e-07
19,1.91224e-07,1.31901e-09,1.92543e-07,-1.91224e-07
20,1.91376e-07,-6.90648e-12,1.9137e-07,-1.91376e-07
21,1.92447e-07,1.58994e-09,1.94037e-07,-1.92447e-07
22,1.95286e-07,-1.62572e-11,1.95269e-07,-1.95286e-07
23,1.95929e-07,-6.11124e-10,1.95317e-07,-1.95929e-07
24,1.92592e-07,5.2745e-10,1.93119e-07,-1.92592e-07
25,1.99306e-07,1.81615e-10,1.99488e-07,-1.99306e-07
26,2.6895e-07,-9.70374e-10,2.6798e-07,-2.6895e-07
27,2.91744e-07,-1.80609e-09,2.89938e-07,-2.91744e-07
28,3.19049e-07,-1.46309e-09,3.17586e-07,-3.19049e-07
29,3.13046e-07,-3.37184e-09,3.09674e-07,-3.13046e-07
30,3.08144e-07,-1.97312e-09,3.06171e-07,-3.08144e-07
31,3.02767e-07,-2.9838e-09,2.99783e-07,-3.02767e-07
32,3.19166e-07,-2.30028e-09,3.16866e-07,-3.19166e-07
33,2.99443e-07,1.08113e-09,3.00524e-07,-2.99443e-07
34,3.18664e-07,-1.30566e-09,3.17358e-07,-3.18664e-07
35,3.22042e-07,-6.67569e-09,3.15366e-07,-3.22042e-07
36,3.62902e-07,-2.169e-09,3.60733e-07,-3.62902e-07
37,4.34261e-07,-1.06058e-08,4.23655e-07,-4.34261e-07
38,4.37247e-07,-9.53196e-09,4.27715e-07,-4.37247e-07
39,4.99266e-07,-1.37375e-08,4.85529e-07,-4.99266e-07
40,5.59166e-07,-3.24793e-08,5.26687e-07,-5.59166e-07
41,6.18586e-07,-3.50019e-08,5.83584e-07,-6.18586e-07
42,6.7891e-07,-3.74546e-08,6.41455e-07,-6.7891e-07
43,1.09613e-06,2.85321e-08,1.12466e-06,-1.09613e-06
44,2.5032e-06,-7.08733e-08,2.43233e-06,-2.5032e-06
45,2.11176e-06,-3.46994e-07,1.76476e-06,-2.11176e-06
46,9.97896e-06,-7.26627e-07,9.25234e-06,-9.97896e-06
47,0.0042994,-0.000404856,0.00389454,-0.0042994
48,0.512836,-0.0572356,0.4556,-0.512836
49,0.572754,-0.0280216,0.544732,-0.572754
50,0.751966,-0.0758069,0.67616,-0.751966
51,0.96391,-0.106769,0.857141,-0.96391
52,1.84264,-0.496697,1.34594,-1.84264
53,1.84455,-0.309608,1.53495,-1.84455
54,3.76663,-1.29851,2.46813,-3.76663
55,4.77251,-0.758781,4.01373,-4.77251
56,6.9978,-1.08756,5.91024,-6.9978
57,8.88105,-1.95328,6.92776,-8.88105
58,11.6165,-0.386235,11.2303,-11.6165
59,14.6787,-2.05792,12.6208,-14.6787
60,14.9558,-5.61989,9.33587,-14.9558
61,19.9644,-2.90701,17.0574,-19.9644
62,16.0183,-1.03303,14.9852,-16.0183
63,20.465,-5.14188,15.3231,-20.465
64,26.067,-6.04014,20.0268,-26.067
65,25.024,-6.85169,18.1724,-25.024
66,27.7207,-11.5207,16.2,-27.7207
67,26.9703,-11.4165,15.5538,-26.9703
68,21.4198,-8.2455,13.1743,-21.4198
69,28.5946,-9.28344,19.3111,-28.5946
70,23.1737,-11.3176,11.856,-23.1737
71,30.865,-10.9014,19.9636,-30.865
72,27.5582,-10.2866,17.2715,-27.5582
73,30.4501,-13.5841,16.866,-30.4501
74,17.3323,-5.91542,11.4169,-17.3323
75,25.0131,-18.3812,6.63198,-25.0131
76,23.4224,-14.9924,8.43006,-23.4224
77,21.8743,-14.3525,7.5218,-21.8743
78,28.1941,-15.6804,12.5138,-28.1941
79,33.1316,-16.8497,16.2819,-33.1316
80,33.1197,-14.2899,18.8298,-33.1197
81,31.5241,-18.358,13.166,-31.5241
82,28.9449,-22.5135,6.43134,-28.9449
83,23.8813,-19.2352,4.64608,-23.8813
84,37.0043,-12.9534,24.0509,-37.0043
85,35.9209,-26.7493,9.17151,-35.9209
86,36.0632,-16.1262,19.937,-36.0632
87,24.331,-17.7611,6.56995,-24.331
88,38.3857,-19.5787,18.807,-38.3857
89,30.0684,-24.6654,5.403,-30.0684
90,28.578,-20.64,7.93804,-28.578
91,39.7701,-15.7989,23.9712,-39.7701
92,31.313,-25.4491,5.86394,-31.313
93,35.3971,-17.2493,18.1478,-35.3971
94,29.8423,-23.2844,6.55794,-29.8423
95,24.4947,-15.7009,8.79383,-24.4947
96,31.9522,-28.354,3.59814,-31.9522
97,29.2681,-23.6164,5.65178,-29.2681
98,19.0097,-13.5391,5.4706,-19.0097
99,37.7017,-31.3139,6.38781,-37.7017
100,41.2366,-33.9854,7.25111,-41.2366
101,34.1576,-30.1507,4.00688,-34.1576
102,43.1781,-32.6569,10.5212,-43.1781
103,36.0038,-32.7159,3.28792,-36.0038
104,39.1576,-33.0273,6.13031,-39.1576
105,43.9721,-31.9988,11.9733,-43.9721
106,44.192,-17.2104,26.9816,-44.192
107,28.0047,-21.6851,6.3196,-28.0047
108,45.2592,-36.5732,8.68598,-45.2592
109,42.1943,-36.2912,5.90311,-42.1943
110,44.2052,-41.8709,2.33427,-44.2052
111,44.3441,-38.0492,6.29495,-44.3441
112,45.2666,-42.2847,2.9819,-45.2666
113,47.1135,-36.3049,10.8086,-47.1135
114,45.0609,-40.3371,4.72387,-45.0609
115,40.4226,-35.3089,5.11367,-40.4226
116,46.2508,-40.92,5.33083,-46.2508
117,47.3835,-43.1035,4.27997,-47.3835
118,43.0864,-37.1137,5.97264,-43.0864
119,46.5692,-41.5613,5.0079,-46.5692
120,39.6487,-36.8446,2.80414,-39.6487
121,46.1454,-43.5784,2.56696,-46.1454
122,45.5844,-44.4335,1.15082,-45.5844
123,46.899,-41.0059,5.89308,-46.899
124,46.936,-34.5523,12.3838,-46.936
125,41.4698,-37.8755,3.59423,-41.4698
126,47.4578,-45.5246,1.93319,-47.4578
127,34.6168,-24.2858,10.331,-34.6168
128,42.1597,-38.7108,3.44889,-42.1597
129,44.7421,-40.8081,3.93398,-44.7421
130,44.3699,-44.245,0.124942,-44.3699
131,48.4081,-48.4753,-0.0671379,-48.4081
132,48.0488,-45.3142,2.73464,-48.0488
133,49.2813,-48.7613,0.519934,-49.2813
134,44.3006,-43.8156,0.485029,-44.3006
135,49.0231,-48.2598,0.763258,-49.0231
136,46.9377,-45.8181,1.11965,-46.9377
137,44.4465,-43.6668,0.779734,-44.4465
138,47.8545,-46.9586,0.895974,-47.8545
139,48.7419,-48.9403,-0.198444,-48.7419
140,23.1185,-22.1763,0.942263,-23.1185
141,48.934,-48.4156,0.518366,-48.934
142,45.1374,-44.4044,0.732924,-45.1374
143,50.1217,-51.6543,-1.53257,-50.1217
144,49.0953,-46.4343,2.66107,-49.0953
145,48.6463,-47.8287,0.81755,-48.6463
146,42.8091,-41.3485,1.46061,-42.8091
147,44.0581,-41.8837,2.17434,-44.0581
148,48.6383,-48.2808,0.35758,-48.6383
149,50.587,-51.3198,-0.732795,-50.587
150,48.5713,-47.0837,1.48755,-48.5713
151,49.9626,-50.1767,-0.214068,-49.9626
152,50.341,-51.3961,-1.05504,-50.341
153,49.062,-50.0561,-0.994099,-49.062
154,46.6186,-34.4378,12.1809,-46.6186
155,50.7825,-51.8629,-1.08035,-50.7825
156,48.6618,-49.8246,-1.16285,-48.6618
157,50.3843,-48.8383,1.54593,-50.3843
158,46.984,-45.3254,1.6586,-46.984
159,50.3771,-51.0418,-0.664696,-50.3771
160,50.4523,-51.8635,-1.4112,-50.4523
161,45.1674,-30.4437,14.7237,-45.1674
162,50.9807,-50.5663,0.414423,-50.9807
163,49.8884,-51.4297,-1.54135,-49.8884
164,50.7545,-50.0112,0.743342,-50.7545
165,50.5738,-52.0473,-1.47351,-50.5738
166,50.6461,-51.3542,-0.708119,-50.6461
167,49.4841,-50.6534,-1.1693,-49.4841
168,50.6877,-53.1103,-2.42262,-50.6877
169,49.8677,-50.8099,-0.942241,-49.8677
170,51.3444,-52.386,-1.04157,-51.3444
171,48.1023,-47.3775,0.72476,-48.1023
172,46.0572,-45.1735,0.883645,-46.0572
173,51.6525,-53.5549,-1.90233,-51.6525
174,51.9276,-53.8891,-1.9615,-51.9276
175,51.5648,-55.1806,-3.61577,-51.5648
176,53.1382,-53.4557,-0.317531,-53.1382
177,51.0313,-51.4469,-0.415616,-51.0313
178,52.2492,-54.2619,-2.01265,-52.2492
179,53.0622,-53.7941,-0.73183,-53.0622
180,52.951,-54.1478,-1.19686,-52.951
181,52.2785,-53.021,-0.742479,-52.2785
182,52.9372,-55.7971,-2.85993,-52.9372
183,52.8063,-55.1557,-2.34936,-52.8063
184,53.117,-56.0876,-2.97064,-53.117
185,53.2867,-55.5174,-2.23061,-53.2867
186,52.9674,-55.8865,-2.91916,-52.9674
187,51.7713,-53.2042,-1.43288,-51.7713
188,52.6154,-54.7631,-2.14763,-52.6154
189,51.2015,-52.8253,-1.62374,-51.2015
190,53.1188,-53.9086,-0.789868,-53.1188
191,52.4424,-55.9634,-3.52098,-52.4424
192,46.752,-48.3888,-1.63685,-46.752
193,52.0179,-55.1468,-3.12885,-52.0179
194,53.1581,-56.1134,-2.95532,-53.1581
195,54.5686,-58.425,-3.85642,-54.5686
196,54.0067,-57.2656,-3.25883,-54.0067
197,47.1368,-46.9913,0.145492,-47.1368
198,54.5638,-57.9058,-3.34199,-54.5638
199,53.6358,-57.422,-3.7862,-53.6358
200,54.7721,-57.2402,-2.46811,-54.7721
201,52.6146,-57.4023,-4.78763,-52.6146
202,52.1351,-56.132,-3.99695,-52.1351
203,49.8976,-52.977,-3.0794,-49.8976
204,31.686,-23.2599,8.42618,-31.686
205,17.8046,-18.3095,-0.504966,-17.8046
206,38.3334,-25.7741,12.5593,-38.3334
207,22.1669,-15.5028,6.66412,-22.1669
208,30.5673,-28.7371,1.83017,-30.5673
209,33.6571,-18.8574,14.7997,-33.6571
210,33.3078,-28.5281,4.77969,-33.3078
211,40.6749,-34.3499,6.325,-40.6749
212,40.018,-40.1386,-0.120594,-40.018
213,43.9674,-41.5889,2.37851,-43.9674
214,44.6018,-40.9149,3.68687,-44.6018
215,43.0636,-43.087,-0.0233607,-43.0636
216,42.0058,-25.1404,16.8653,-42.0058
217,46.8477,-45.9988,0.848895,-46.8477
218,33.2126,-32.2426,0.969998,-33.2126
219,41.7271,-38.9232,2.80398,-41.7271
220,37.5304,-30.1099,7.42048,-37.5304
221,42.8435,-6.57154,36.272,-42.8435
222,36.4086,-27.7017,8.7069,-36.4086
223,45.034,-23.2631,21.7709,-45.034
224,16.6384,-12.3864,4.25205,-16.6384
225,41.1564,-30.3237,10.8326,-41.1564
226,40.5508,-30.9329,9.61789,-40.5508
227,41.5497,-35.3995,6.15026,-41.5497
228,45.8195,-43.5846,2.23489,-45.8195
229,42.4121,-38.0016,4.41054,-42.4121
230,45.4729,-38.3783,7.09461,-45.4729
231,46.5317,-45.7273,0.804415,-46.5317
232,43.9281,-38.9522,4.9759,-43.9281
233,43.6218,-39.2984,4.3234,-43.6218
234,43.715,-35.4227,8.29232,-43.715
235,45.2185,-33.8307,11.3878,-45.2185
236,21.1502,-16.9743,4.17585,-21.1502
237,44.8005,-26.3227,18.4779,-44.8005
238,47.2379,-38.2109,9.02698,-47.2379
239,47.785,-46.2862,1.49885,-47.785
240,39.192,-37.0133,2.17874,-39.192
241,46.5933,-45.1623,1.43102,-46.5933
242,43.0659,-36.9684,6.09746,-43.0659
243,43.9825,-33.6135,10.3691,-43.9825
244,48.0057,-42.0268,5.97887,-48.0057
245,46.3715,-35.9711,10.4004,-46.3715
246,46.9577,-33.8431,13.1146,-46.9577
247,44.284,-32.041,12.2429,-44.284
248,40.1798,-31.0174,9.16233,-40.1798
249,45.6843,-28.0246,17.6597,-45.6843
250,33.2452,-25.8586,7.38666,-33.2452
251,47.9315,-39.4773,8.45422,-47.9315
252,46.1849,-33.043,13.1419,-46.1849
253,46.1485,-40.744,5.40456,-46.1485
254,42.4527,-38.97,3.48266,-42.4527
255,39.6929,-36.1022,3.59068,-39.6929
256,33.7923,-28.9729,4.81946,-33.7923
257,37.8312,-35.8086,2.02256,-37.8312
258,40.0301,-33.1738,6.85627,-40.0301
259,44.0773,-33.8165,10.2608,-44.0773
260,41.6697,-35.4353,6.23438,-41.6697
261,37.989,-33.2192,4.76979,-37.989
262,31.6831,-27.7347,3.94834,-31.6831
263,39.8713,-29.8589,10.0124,-39.8713
264,47.1096,-37.1457,9.96387,-47.1096
265,42.9594,-38.8982,4.0612,-42.9594
266,38.268,-36.1021,2.16593,-38.268
267,48.4428,-44.41,4.03274,-48.4428
268,47.0272,-45.4015,1.62568,-47.0272
269,47.2554,-43.3489,3.90656,-47.2554
270,46.4641,-28.3316,18.1325,-46.4641
271,50.6222,-50.7684,-0.146194,-50.6222
272,44.6258,-44.8048,-0.179024,-44.6258
273,42.1774,-39.9091,2.26832,-42.1774
274,48.4797,-41.0602,7.41949,-48.4797
275,41.9998,-37.904,4.09581,-41.9998
276,46.0281,-44.1102,1.91786,-46.0281
277,47.6829,-38.0504,9.63251,-47.6829
278,50.1268,-49.1715,0.955286,-50.1268
279,48.9011,-47.0681,1.83299,-48.9011
280,50.3038,-47.8806,2.42325,-50.3038
281,51.44,-52.7346,-1.29464,-51.44
282,50.6758,-49.6949,0.980915,-50.6758
283,49.3033,-48.5822,0.721087,-49.3033
284,52.0227,-52.5838,-0.561067,-52.0227
285,52.3738,-51.803,0.570863,-52.3738
286,50.6658,-51.9658,-1.30005,-50.6658
287,53.185,-53.9438,-0.758847,-53.185
288,48.3591,-48.9381,-0.579027,-48.3591
289,51.9475,-52.7965,-0.848919,-51.9475
290,49.7887,-51.2615,-1.47277,-49.7887
291,51.7213,-53.7141,-1.99283,-51.7213
292,50.4015,-38.9497,11.4517,-50.4015
293,52.616,-55.4536,-2.83759,-52.616
294,53.6478,-54.8082,-1.16041,-53.6478
295,52.736,-51.5166,1.21943,-52.736
296,49.2873,-48.0978,1.18948,-49.2873
297,46.3405,-46.3332,0.00737238,-46.3405
298,30.4554,-27.4607,2.99476,-30.4554
299,48.6103,-43.7394,4.87084,-48.6103
300,32.7514,-30.7529,1.99851,-32.7514
301,52.5929,-53.3666,-0.773711,-52.5929
302,52.3924,-52.6081,-0.215654,-52.3924
303,47.7014,-44.2289,3.47247,-47.7014
304,51.4257,-52.793,-1.36733,-51.4257
305,49.585,-51.1686,-1.58363,-49.585
306,50.3118,-37.085,13.2267,-50.3118
307,49.8834,-49.7361,0.147269,-49.8834
308,50.3042,-48.55,1.7542,-50.3042
309,49.1761,-42.4769,6.69929,-49.1761
310,50.9539,-44.8529,6.10097,-50.9539
311,48.3086,-39.5037,8.80489,-48.3086
312,46.3324,-47.7116,-1.37913,-46.3324
313,51.6581,-52.3855,-0.727439,-51.6581
314,47.3907,-45.9806,1.41012,-47.3907
315,34.3445,-34.0227,0.32187,-34.3445
316,41.8068,-34.7545,7.05232,-41.8068
317,50.298,-32.6437,17.6543,-50.298
318,50.7717,-47.7332,3.03854,-50.7717
319,49.8176,-45.5339,4.28376,-49.8176
320,51.7555,-52.4399,-0.684435,-51.7555
321,45.7979,-39.614,6.18387,-45.7979
322,47.6234,-33.629,13.9944,-47.6234
323,35.0455,-32.3731,2.67247,-35.0455
324,43.0118,-35.9718,7.03999,-43.0118
325,13.9649,-11.8064,2.15847,-13.9649
326,45.1386,-36.0036,9.13503,-45.1386
327,46.5066,-44.1758,2.33084,-46.5066
328,50.2115,-50.0627,0.1488,-50.2115
329,49.4932,-48.8442,0.64902,-49.4932
330,52.822,-53.3126,-0.490574,-52.822
331,51.158,-51.5806,-0.422576,-51.158
332,53.1965,-55.1742,-1.97767,-53.1965
333,50.9366,-53.4904,-2.55376,-50.9366
334,49.6775,-52.6916,-3.01411,-49.6775
335,52.6273,-53.9965,-1.36924,-52.6273
336,52.2554,-54.4209,-2.16547,-52.2554
337,47.9298,-49.7729,-1.84305,-47.9298
338,52.4115,-53.216,-0.80443,-52.4115
339,43.2268,-44.1568,-0.930091,-43.2268
340,52.6103,-55.8353,-3.22493,-52.6103
341,52.9666,-51.2406,1.72607,-52.9666
342,54.2254,-57.6641,-3.43864,-54.2254
343,46.2925,-46.8268,-0.534329,-46.2925
344,53.6821,-48.9689,4.71319,-53.6821
345,50.6291,-52.6956,-2.06652,-50.6291
346,49.7653,-49.6895,0.0758603,-49.7653
347,51.2444,-53.5157,-2.27131,-51.2444
348,50.7425,-49.1295,1.61304,-50.7425
349,52.3129,-46.5462,5.76663,-52.3129
350,38.345,-39.3245,-0.979447,-38.345
351,52.9752,-43.6078,9.36744,-52.9752
352,52.1634,-54.2271,-2.06367,-52.1634
353,53.4181,-22.8978,30.5203,-53.4181
354,50.4845,-52.8229,-2.33836,-50.4845
355,51.8426,-52.1185,-0.275916,-51.8426
356,50.0627,-51.0246,-0.961831,-50.0627
357,51.1511,-41.2337,9.91733,-51.1511
358,48.7772,-45.6005,3.17668,-48.7772
359,51.0491,-49.0334,2.01566,-51.0491
360,44.9131,-44.9522,-0.0390761,-44.9131
361,49.3066,-38.8932,10.4135,-49.3066
362,47.8922,-46.18,1.71213,-47.8922
363,47.1529,-42.3708,4.7821,-47.1529
364,41.3883,-41.1857,0.202582,-41.3883
365,45.6974,-43.6045,2.09285,-45.6974
366,36.9699,-33.1721,3.79782,-36.9699
367,46.1976,-43.3211,2.87644,-46.1976
368,46.6503,-36.1272,10.5231,-46.6503
369,50.9474,-43.5829,7.36449,-50.9474
370,51.2918,-40.131,11.1608,-51.2918
371,42.2404,-41.0946,1.14588,-42.2404
372,49.2235,-49.0735,0.149952,-49.2235
373,44.2341,-41.7207,2.5134,-44.2341
374,37.344,-38.3011,-0.957036,-37.344
375,51.3517,-48.1408,3.21095,-51.3517
376,49.8179,-49.3142,0.503664,-49.8179
377,40.193,-41.4451,-1.25214,-40.193
378,50.5808,-50.7145,-0.133729,-50.5808
379,51.8997,-47.4475,4.45223,-51.8997
380,51.7026,-48.0841,3.61853,-51.7026
381,50.7865,-50.7679,0.0186372,-50.7865
382,29.8982,-29.984,-0.0858604,-29.8982
383,52.1195,-53.1647,-1.04524,-52.1195
384,50.7522,-38.4839,12.2683,-50.7522
385,45.2527,-44.3433,0.90946,-45.2527
386,50.5955,-49.6976,0.897934,-50.5955
387,50.1934,-38.4926,11.7008,-50.1934
388,50.4973,-40.9407,9.55661,-50.4973
389,45.9462,-45.1161,0.830164,-45.9462
390,49.7755,-47.1508,2.62468,-49.7755
391,50.9953,-49.511,1.48433,-50.9953
392,51.0961,-47.8449,3.25122,-51.0961
393,29.1382,-29.1126,0.02566,-29.1382
394,28.8876,-23.1044,5.78326,-28.8876
395,49.6439,-47.3235,2.32038,-49.6439
396,50.9615,-49.3486,1.61287,-50.9615
397,51.9365,-50.4095,1.52694,-51.9365
398,47.5015,-41.3618,6.1397,-47.5015
399,49.9831,-42.9006,7.08251,-49.9831
400,44.3808,-28.8703,15.5105,-44.3808
401,45.8633,-42.2585,3.60477,-45.8633
402,48.8896,-41.0193,7.87028,-48.8896
403,52.1361,-45.3292,6.80689,-52.1361
404,49.8641,-46.6859,3.17817,-49.8641
405,44.9396,-46.2451,-1.30547,-44.9396
406,50.5255,-38.9988,11.5267,-50.5255
407,48.3477,-38.8451,9.50264,-48.3477
408,46.2022,-42.7994,3.40279,-46.2022
409,48.0939,-46.0786,2.0154,-48.0939
410,40.1015,-45.6557,-5.55418,-40.1015
411,46.9782,-46.4486,0.52961,-46.9782
412,51.2188,-36.0116,15.2073,-51.2188
413,49.7881,-49.718,0.0701339,-49.7881
414,50.5854,-49.3848,1.20062,-50.5854
415,53.2549,-55.6751,-2.42016,-53.2549
416,52.8309,-55.5874,-2.75655,-52.8309
417,54.7233,-57.5667,-2.84341,-54.7233
418,54.0588,-57.7001,-3.64134,-54.0588
419,52.0828,-54.2777,-2.19489,-52.0828
420,54.0406,-56.7307,-2.6901,-54.0406
421,53.4778,-56.9962,-3.51842,-53.4778
422,54.7842,-58.9845,-4.20027,-54.7842
423,46.7103,-49.5327,-2.82239,-46.7103
424,53.7566,-48.4084,5.34816,-53.7566
425,51.8584,-51.6757,0.18275,-51.8584
426,50.0626,-49.2557,0.80692,-50.0626
427,50.9676,-51.6156,-0.648044,-50.9676
428,51.223,-51.2964,-0.0734036,-51.223
429,52.5868,-55.2975,-2.71073,-52.5868
430,51.9595,-52.7173,-0.75787,-51.9595
431,52.4339,-55.3505,-2.91657,-52.4339
432,48.8308,-47.6622,1.16854,-48.8308
433,53.8358,-55.6109,-1.77515,-53.8358
434,52.5776,-54.743,-2.16536,-52.5776
435,50.6796,-52.15,-1.47042,-50.6796
436,52.0747,-54.3194,-2.24463,-52.0747
437,53.7702,-58.6772,-4.90693,-53.7702
438,51.3495,-53.8802,-2.53067,-51.3495
439,52.433,-51.6385,0.794518,-52.433
440,53.634,-57.3979,-3.76388,-53.634
441,53.3911,-55.9829,-2.59182,-53.3911
442,50.0329,-48.0967,1.93613,-50.0329
443,52.7206,-50.7064,2.0142,-52.7206
444,50.9811,-53.2113,-2.23018,-50.9811
445,53.8565,-55.2988,-1.44231,-53.8565
446,49.2811,-50.353,-1.07196,-49.2811
447,33.3915,-34.7523,-1.36078,-33.3915
448,40.2009,-41.2819,-1.08102,-40.2009
449,45.389,-32.8927,12.4963,-45.389
450,52.0296,-55.3219,-3.29222,-52.0296
451,49.4691,-48.5883,0.880852,-49.4691
452,52.2727,-54.4882,-2.21548,-52.2727
453,52.4552,-55.5236,-3.06836,-52.4552
454,50.2849,-53.143,-2.85812,-50.2849
455,53.0634,-56.8109,-3.74752,-53.0634
456,52.9711,-46.7992,6.17199,-52.9711
457,53.6487,-58.3312,-4.68251,-53.6487
458,54.0953,-58.3569,-4.26151,-54.0953
459,54.4928,-59.1714,-4.67854,-54.4928
460,51.048,-56.2691,-5.22104,-51.048
461,54.165,-58.3862,-4.22117,-54.165
462,53.6914,-58.4782,-4.78675,-53.6914
463,50.9012,-54.1575,-3.25623,-50.9012
464,34.9166,-37.947,-3.03048,-34.9166
465,6.46824,-8.66459,-2.19634,-6.46824
466,37.103,-38.1304,-1.02733,-37.103
467,43.9618,-45.5087,-1.54691,-43.9618
468,46.0949,-44.3533,1.74157,-46.0949
469,51.8913,-54.2621,-2.37082,-51.8913
470,52.6692,-38.0475,14.6218,-52.6692
471,51.0427,-41.3452,9.69753,-51.0427
472,48.2949,-47.7746,0.520236,-48.2949
473,52.7675,-54.2962,-1.52868,-52.7675
474,32.3436,-28.3591,3.98449,-32.3436
475,53.6764,-56.825,-3.14863,-53.6764
476,33.2036,-34.493,-1.28946,-33.2036
477,47.0169,-46.0784,0.938418,-47.0169
478,36.6097,-38.6149,-2.0052,-36.6097
479,53.0104,-51.8884,1.12195,-53.0104
480,52.0385,-52.885,-0.846558,-52.0385
481,51.7643,-54.2343,-2.46993,-51.7643
482,49.2218,-48.486,0.735858,-49.2218
483,41.4133,-42.852,-1.4387,-41.4133
484,37.1689,-37.0981,0.0708148,-37.1689
485,49.0632,-50.6872,-1.62406,-49.0632
486,45.5373,-46.4785,-0.941159,-45.5373
487,51.2338,-53.8077,-2.57395,-51.2338
488,47.3671,-48.6009,-1.23383,-47.3671
489,45.5954,-45.7246,-0.129235,-45.5954
490,39.3162,-38.5124,0.803859,-39.3162
491,48.5053,-32.8976,15.6077,-48.5053
492,44.9968,-42.5197,2.47706,-44.9968
493,52.4421,-49.4991,2.94294,-52.4421
494,52.2491,-53.8746,-1.62548,-52.2491
495,50.4677,-50.1792,0.288461,-50.4677
496,46.9302,-47.5319,-0.601694,-46.9302
497,34.8491,-36.9213,-2.07218,-34.8491
498,37.6597,-39.6201,-1.9604,-37.6597
499,47.3531,-41.7811,5.57204,-47.3531
500,38.3514,-35.0786,3.27283,-38.3514
501,49.7229,-42.4204,7.30257,-49.7229
502,49.3846,-48.0467,1.33787,-49.3846
503,53.4058,-55.9568,-2.55099,-53.4058
504,53.232,-56.5845,-3.35251,-53.232
505,50.95,-51.8937,-0.943632,-50.95
506,50.7274,-53.4231,-2.69562,-50.7274
507,53.7555,-58.545,-4.78947,-53.7555
508,50.1394,-50.5848,-0.445393,-50.1394
509,31.5728,-34.0383,-2.46556,-31.5728
510,49.0487,-51.6741,-2.62546,-49.0487
511,52.3022,-54.115,-1.8128,-52.3022
512,45.7471,-48.6072,-2.8601,-45.7471
513,45.1052,-45.241,-0.135764,-45.1052
514,41.4434,-41.3033,0.140088,-41.4434
515,49.7902,-48.7304,1.05986,-49.7902
516,37.0953,-39.5997,-2.5044,-37.0953
517,49.315,-47.4895,1.82544,-49.315
518,50.6354,-52.5989,-1.96349,-50.6354
519,50.5991,-50.764,-0.164847,-50.5991
520,47.8382,-51.679,-3.8408,-47.8382
521,51.6241,-54.8768,-3.25274,-51.6241
522,52.8283,-54.3256,-1.49727,-52.8283
523,53.9496,-58.3971,-4.44744,-53.9496
524,53.6644,-57.9786,-4.31422,-53.6644
525,53.1113,-56.7207,-3.60941,-53.1113
526,47.2831,-49.1544,-1.8713,-47.2831
527,51.3809,-55.4178,-4.03692,-51.3809
528,53.0789,-59.2818,-6.20291,-53.0789
529,52.6365,-54.8722,-2.23569,-52.6365
530,53.5522,-58.7932,-5.24103,-53.5522
531,53.2994,-58.6164,-5.317,-53.2994
532,54.0787,-59.6924,-5.61369,-54.0787
533,54.0802,-59.1577,-5.07742,-54.0802
534,54.6268,-60.1215,-5.49474,-54.6268
535,51.2575,-56.5004,-5.24284,-51.2575
536,54.1752,-60.3945,-6.21928,-54.1752
537,46.2263,-50.1848,-3.95849,-46.2263
538,51.0977,-54.3562,-3.25859,-51.0977
539,43.6653,-47.3973,-3.73199,-43.6653
540,51.329,-53.9621,-2.63309,-51.329
541,51.0596,-48.9056,2.15391,-51.0596
542,52.2448,-50.7557,1.48909,-52.2448
543,41.523,-45.1366,-3.6136,-41.523
544,51.2262,-56.0961,-4.86986,-51.2262
545,51.6428,-54.732,-3.08918,-51.6428
546,52.9372,-57.4326,-4.4954,-52.9372
547,52.3197,-58.3151,-5.99541,-52.3197
548,54.2262,-59.9032,-5.67699,-54.2262
549,52.4349,-58.4489,-6.01398,-52.4349
550,45.906,-48.4276,-2.52163,-45.906
551,53.7344,-59.1544,-5.41994,-53.7344
552,50.6253,-53.6198,-2.99448,-50.6253
553,53.4612,-54.6764,-1.21516,-53.4612
554,52.9002,-58.922,-6.02177,-52.9002
555,51.3726,-40.7195,10.6531,-51.3726
556,51.9534,-57.3808,-5.42745,-51.9534
557,52.5802,-48.639,3.94128,-52.5802
558,53.2951,-60.1521,-6.85701,-53.2951
559,50.2254,-54.2075,-3.98213,-50.2254
560,51.4054,-49.3276,2.0778,-51.4054
561,53.9834,-59.5208,-5.53734,-53.9834
562,47.7513,-52.7868,-5.0355,-47.7513
563,51.8247,-53.4215,-1.59684,-51.8247
564,32.4573,-35.5696,-3.11231,-32.4573
565,47.5531,-52.4557,-4.90253,-47.5531
566,40.9046,-42.5009,-1.5963,-40.9046
567,35.1399,-35.2343,-0.0944815,-35.1399
568,41.2644,-39.9614,1.30296,-41.2644
569,38.3807,-41.1565,-2.7758,-38.3807
570,49.7273,-52.0382,-2.31081,-49.7273
571,40.3555,-44.254,-3.89848,-40.3555
572,52.3093,-57.3782,-5.06884,-52.3093
573,53.3064,-53.2213,0.0850968,-53.3064
574,50.6886,-55.6673,-4.97862,-50.6886
575,48.6882,-52.1948,-3.50661,-48.6882
576,54.0892,-57.62,-3.53072,-54.0892
577,52.2099,-55.639,-3.4291,-52.2099
578,50.4027,-54.5925,-4.18978,-50.4027
579,53.6057,-60.0389,-6.43319,-53.6057
580,54.7633,-61.4718,-6.70859,-54.7633
581,47.0762,-50.9345,-3.85825,-47.0762
582,54.3614,-59.3708,-5.0094,-54.3614
583,54.4996,-61.0064,-6.50678,-54.4996
584,54.097,-55.6051,-1.50804,-54.097
585,53.0338,-58.2248,-5.19093,-53.0338
586,52.4131,-56.5417,-4.1286,-52.4131
587,51.8867,-52.0322,-0.145486,-51.8867
588,53.8586,-51.2073,2.65129,-53.8586
589,51.4855,-56.1381,-4.6526,-51.4855
590,47.7041,-51.8591,-4.15496,-47.7041
591,49.4024,-49.8808,-0.47838,-49.4024
592,46.6926,-37.1532,9.53938,-46.6926
593,49.4538,-49.2439,0.209959,-49.4538
594,46.3086,-32.9074,13.4012,-46.3086
595,45.5792,-42.9891,2.59009,-45.5792
596,51.3905,-47.8935,3.49701,-51.3905
597,50.6203,-53.5058,-2.88555,-50.6203
598,51.4157,-53.2789,-1.86318,-51.4157
599,54.3627,-61.531,-7.16831,-54.3627
600,50.9262,-53.4671,-2.54093,-50.9262
601,53.3216,-58.7881,-5.46648,-53.3216
602,53.4366,-56.3536,-2.917,-53.4366
603,50.0336,-49.0005,1.03307,-50.0336
604,43.4557,-48.2945,-4.83883,-43.4557
605,52.7266,-59.0286,-6.30204,-52.7266
606,51.1511,-37.8447,13.3064,-51.1511
607,49.4296,-54.3464,-4.91679,-49.4296
608,27.6122,-34.4458,-6.83355,-27.6122
609,53.7591,-41.5772,12.1819,-53.7591
610,22.1988,-22.9242,-0.725405,-22.1988
611,50.9384,-50.8731,0.0652826,-50.9384
612,48.8455,-52.655,-3.80956,-48.8455
613,49.0808,-51.1284,-2.04765,-49.0808
614,53.7268,-58.564,-4.83723,-53.7268
615,51.7009,-57.1236,-5.4227,-51.7009
616,28.467,-31.0056,-2.53853,-28.467
617,50.8526,-54.8696,-4.01696,-50.8526
618,54.2145,-53.4398,0.774694,-54.2145
619,51.4222,-57.8179,-6.39575,-51.4222
620,52.4204,-54.2806,-1.86022,-52.4204
621,51.4914,-57.6985,-6.20711,-51.4914
622,52.0889,-55.7762,-3.68723,-52.0889
623,41.576,-36.4441,5.13184,-41.576
624,44.6463,-41.9614,2.68489,-44.6463
625,45.4543,-47.0121,-1.55783,-45.4543
626,42.3456,-44.6369,-2.29129,-42.3456
627,51.2077,-55.6165,-4.40885,-51.2077
628,49.405,-51.2968,-1.89181,-49.405
629,49.9768,-52.5599,-2.5831,-49.9768
630,42.8424,-48.5906,-5.74811,-42.8424
631,19.0143,-20.2675,-1.25316,-19.0143
632,45.1487,-47.7073,-2.55858,-45.1487
633,50.9341,-57.278,-6.34393,-50.9341
634,51.7148,-55.7238,-4.00892,-51.7148
635,49.091,-49.8854,-0.79441,-49.091
636,52.9288,-57.7381,-4.80933,-52.9288
637,54.0994,-60.0068,-5.90741,-54.0994
638,52.2698,-59.132,-6.8622,-52.2698
639,53.187,-55.4907,-2.30376,-53.187
640,54.0666,-58.9877,-4.92112,-54.0666
641,54.4133,-58.2916,-3.87831,-54.4133
642,54.8078,-60.8582,-6.05038,-54.8078
643,53.467,-56.7876,-3.32059,-53.467
644,54.9954,-60.7758,-5.78042,-54.9954
645,51.6708,-56.4799,-4.80908,-51.6708
646,54.6749,-60.0144,-5.3395,-54.6749
647,54.8002,-62.4448,-7.64463,-54.8002
648,53.2184,-57.8847,-4.66629,-53.2184
649,54.0878,-53.4889,0.598975,-54.0878
650,54.225,-61.2179,-6.99296,-54.225
651,53.8658,-56.8246,-2.95885,-53.8658
652,54.6049,-57.8709,-3.26601,-54.6049
653,53.1737,-59.5533,-6.37954,-53.1737
654,54.5853,-60.0087,-5.42339,-54.5853
655,43.5793,-49.1178,-5.53848,-43.5793
656,53.1561,-56.2549,-3.0988,-53.1561
657,51.2193,-52.1205,-0.901148,-51.2193
658,53.9531,-62.3284,-8.37525,-53.9531
659,53.5682,-56.8236,-3.25535,-53.5682
660,50.0267,-57.56,-7.53337,-50.0267
661,48.8681,-56.8774,-8.00931,-48.8681
662,39.9017,-47.9854,-8.08371,-39.9017
663,50.5749,-51.5066,-0.931723,-50.5749
664,50.7458,-56.3775,-5.63166,-50.7458
665,49.5362,-43.7297,5.80648,-49.5362
666,42.8767,-42.3847,0.492019,-42.8767
667,47.3516,-53.0421,-5.69041,-47.3516
668,43.847,-46.4365,-2.58943,-43.847
669,42.7233,-38.6774,4.04584,-42.7233
670,49.015,-53.4657,-4.45064,-49.015
671,47.4959,-49.3624,-1.86648,-47.4959
672,52.6605,-52.8482,-0.187746,-52.6605
673,48.9413,-44.962,3.97929,-48.9413
674,41.7402,-43.4535,-1.71337,-41.7402
675,50.1357,-50.6312,-0.495473,-50.1357
676,45.2666,-46.823,-1.55639,-45.2666
677,51.6111,-38.7034,12.9077,-51.6111
678,49.3865,-43.5844,5.80206,-49.3865
679,51.8904,-43.3844,8.50596,-51.8904
680,36.8375,-36.0837,0.753859,-36.8375
681,48.8727,-52.0261,-3.15343,-48.8727
682,53.4084,-60.0245,-6.6161,-53.4084
683,52.4544,-58.7022,-6.24784,-52.4544
684,50.1298,-55.7632,-5.6334,-50.1298
685,52.2258,-56.5813,-4.35555,-52.2258
686,53.5291,-48.0983,5.43081,-53.5291
687,53.4416,-52.1122,1.3294,-53.4416
688,46.1196,-49.3296,-3.21,-46.1196
689,50.1096,-50.7052,-0.595539,-50.1096
690,48.7634,-34.1224,14.641,-48.7634
691,49.9879,-47.0262,2.96172,-49.9879
692,47.1984,-37.6075,9.59083,-47.1984
693,47.8009,-38.805,8.99584,-47.8009
694,51.0934,-45.2383,5.85514,-51.0934
695,49.3402,-48.6915,0.64866,-49.3402
696,40.247,-43.0973,-2.85037,-40.247
697,44.7172,-41.6879,3.0293,-44.7172
698,44.4945,-45.7581,-1.26363,-44.4945
699,50.1936,-39.9811,10.2125,-50.1936
700,44.8373,-47.9661,-3.12884,-44.8373
701,47.5243,-50.2383,-2.71394,-47.5243
702,52.2089,-55.7669,-3.55803,-52.2089
703,48.5736,-54.3284,-5.75485,-48.5736
704,52.3899,-36.5178,15.8721,-52.3899
705,52.0905,-56.7444,-4.65398,-52.0905
706,48.8172,-52.5205,-3.70336,-48.8172
707,41.6518,-42.5206,-0.868722,-41.6518
708,51.1407,-55.9366,-4.79598,-51.1407
709,48.7745,-45.7517,3.02286,-48.7745
710,46.6744,-49.5429,-2.86848,-46.6744
711,46.754,-48.5529,-1.79888,-46.754
712,52.9381,-51.8825,1.05552,-52.9381
713,48.5264,-51.7074,-3.18102,-48.5264
714,50.108,-52.0548,-1.94672,-50.108
715,49.2763,-50.7292,-1.45289,-49.2763
716,51.1433,-56.4082,-5.26484,-51.1433
717,46.1444,-48.4306,-2.28615,-46.1444
718,50.2316,-52.7611,-2.52947,-50.2316
719,46.6308,-48.2575,-1.62672,-46.6308
720,52.7272,-58.1261,-5.39896,-52.7272
721,50.7261,-54.8932,-4.16713,-50.7261
722,54.1694,-57.2631,-3.09376,-54.1694
723,53.761,-57.2798,-3.51882,-53.761
724,49.3713,-38.0672,11.3041,-49.3713
725,52.4038,-55.0739,-2.67007,-52.4038
726,53.4819,-59.1516,-5.6697,-53.4819
727,52.8371,-53.1606,-0.323518,-52.8371
728,53.3402,-55.853,-2.51282,-53.3402
729,49.3323,-53.1917,-3.85947,-49.3323
730,54.1664,-59.6073,-5.44085,-54.1664
731,37.6834,-41.2164,-3.53301,-37.6834
732,53.5385,-51.1164,2.4221,-53.5385
733,46.0268,-36.2391,9.78772,-46.0268
734,52.8077,-55.6721,-2.86442,-52.8077
735,53.6151,-51.5742,2.04091,-53.6151
736,54.5926,-53.2523,1.34033,-54.5926
737,54.4278,-58.0606,-3.63282,-54.4278
738,54.671,-59.955,-5.28394,-54.671
739,44.6479,-48.9564,-4.30851,-44.6479
740,39.9903,-38.6207,1.36965,-39.9903
741,51.4349,-43.2075,8.22746,-51.4349
742,49.5484,-32.2909,17.2575,-49.5484
743,53.2365,-50.3292,2.90729,-53.2365
744,54.2324,-61.5369,-7.30457,-54.2324
745,53.9188,-55.6316,-1.71279,-53.9188
746,49.7734,-52.6919,-2.91851,-49.7734
747,54.2397,-61.0389,-6.79922,-54.2397
748,54.3591,-61.7522,-7.39309,-54.3591
749,54.7345,-60.0218,-5.28723,-54.7345
750,54.8108,-61.3474,-6.53664,-54.8108
751,51.9399,-54.7604,-2.82049,-51.9399
752,50.9968,-51.8224,-0.825579,-50.9968
753,54.3742,-61.5349,-7.16066,-54.3742
754,51.6842,-59.0413,-7.35708,-51.6842
755,54.806,-61.4558,-6.64978,-54.806
756,52.2963,-58.054,-5.75774,-52.2963
757,27.7306,-32.1642,-4.43355,-27.7306
758,23.7926,-25.3489,-1.55635,-23.7926
759,50.9058,-55.1722,-4.26641,-50.9058
760,51.7399,-40.6742,11.0657,-51.7399
761,53.4774,-47.0941,6.38329,-53.4774
762,54.5291,-60.384,-5.85497,-54.5291
763,52.9461,-56.8884,-3.94225,-52.9461
764,47.8458,-48.2173,-0.371493,-47.8458
765,52.2231,-56.0566,-3.83351,-52.2231
766,55.167,-58.9431,-3.77612,-55.167
767,54.1789,-56.7681,-2.58917,-54.1789
768,53.2985,-59.3515,-6.05296,-53.2985
769,53.7879,-59.7154,-5.92749,-53.7879
770,55.0302,-61.6793,-6.64908,-55.0302
771,54.109,-59.9387,-5.82972,-54.109
772,50.7734,-56.9635,-6.19015,-50.7734
773,55.4243,-60.9398,-5.51544,-55.4243
774,47.2325,-50.8538,-3.62128,-47.2325
775,43.6586,-49.1151,-5.45645,-43.6586
776,51.6159,-57.4841,-5.86827,-51.6159
777,51.1631,-56.2959,-5.1328,-51.1631
778,54.6386,-58.3724,-3.73373,-54.6386
779,53.5995,-60.5878,-6.98831,-53.5995
780,53.8391,-53.5833,0.255784,-53.8391
781,53.0992,-59.4386,-6.33934,-53.0992
782,54.3752,-60.7463,-6.37109,-54.3752
783,50.6843,-58.0868,-7.40254,-50.6843
784,44.8463,-49.7985,-4.95213,-44.8463
785,52.8311,-55.3169,-2.48583,-52.8311
786,53.1658,-58.0054,-4.83958,-53.1658
787,53.5693,-59.6725,-6.1032,-53.5693
788,53.6856,-59.6402,-5.95459,-53.6856
789,54.5002,-59.8856,-5.38544,-54.5002
790,53.8205,-59.5452,-5.72468,-53.8205
791,55.2706,-59.5126,-4.24207,-55.2706
792,54.4612,-60.8442,-6.38299,-54.4612
793,53.8445,-56.7777,-2.93325,-53.8445
794,55.3316,-64.3733,-9.04175,-55.3316
795,54.7408,-62.7539,-8.01304,-54.7408
796,55.446,-62.0095,-6.56349,-55.446
797,53.7258,-59.0964,-5.37062,-53.7258
798,53.9265,-61.0706,-7.14408,-53.9265
799,55.7857,-62.9563,-7.17062,-55.7857
800,55.4364,-64.2,-8.76369,-55.4364
801,55.3211,-62.4817,-7.16057,-55.3211
802,54.2457,-53.8301,0.415607,-54.2457
803,50.5289,-57.6357,-7.10681,-50.5289
804,45.1242,-49.8567,-4.73246,-45.1242
805,49.0374,-41.8686,7.16881,-49.0374
806,20.2209,-24.8507,-4.62985,-20.2209
807,46.2941,-51.6032,-5.30909,-46.2941
808,53.9134,-55.2302,-1.31675,-53.9134
809,48.6469,-51.8693,-3.2224,-48.6469
810,49.0175,-54.0149,-4.99744,-49.0175
811,54.8669,-62.4925,-7.62556,-54.8669
812,53.9623,-59.8639,-5.90159,-53.9623
813,54.7242,-59.5427,-4.81859,-54.7242
814,54.8055,-60.0229,-5.21739,-54.8055
815,55.4054,-60.992,-5.58665,-55.4054
816,52.6851,-58.2705,-5.58537,-52.6851
817,53.9928,-58.1981,-4.20528,-53.9928
818,51.1061,-57.5426,-6.43645,-51.1061
819,54.7592,-61.6303,-6.87108,-54.7592
820,45.3983,-51.1972,-5.79894,-45.3983
821,48.2494,-50.7977,-2.54834,-48.2494
822,51.015,-47.4758,3.53927,-51.015
823,49.8439,-55.1723,-5.32842,-49.8439
824,50.1651,-50.4915,-0.326457,-50.1651
825,53.6473,-56.7824,-3.13511,-53.6473
826,53.6743,-58.9458,-5.27148,-53.6743
827,53.9205,-56.3823,-2.46185,-53.9205
828,54.5018,-61.9024,-7.40055,-54.5018
829,53.0934,-58.4113,-5.31793,-53.0934
830,55.0313,-61.9851,-6.95382,-55.0313
831,52.8964,-57.626,-4.72961,-52.8964
832,53.2734,-58.7983,-5.52486,-53.2734
833,54.664,-62.5698,-7.90581,-54.664
834,45.283,-48.597,-3.31393,-45.283
835,40.2265,-42.1149,-1.88841,-40.2265
836,46.4851,-34.6304,11.8547,-46.4851
837,34.8593,-37.3449,-2.48559,-34.8593
838,49.6084,-48.2513,1.35711,-49.6084
839,51.7745,-57.5021,-5.72767,-51.7745
840,52.5472,-57.9517,-5.40447,-52.5472
841,54.7504,-61.104,-6.35359,-54.7504
842,37.0791,-43.1364,-6.05728,-37.0791
843,54.5929,-62.1405,-7.54766,-54.5929
844,52.0655,-56.3088,-4.24328,-52.0655
845,45.2199,-48.88,-3.66005,-45.2199
846,30.984,-36.2716,-5.28758,-30.984
847,53.5068,-44.3175,9.18924,-53.5068
848,51.1348,-52.082,-0.947212,-51.1348
849,50.5097,-53.9869,-3.47715,-50.5097
850,49.0081,-47.5639,1.44414,-49.0081
851,29.0911,-33.5296,-4.4385,-29.0911
852,52.6514,-44.452,8.19943,-52.6514
853,46.323,-31.7213,14.6017,-46.323
854,32.5007,-35.1472,-2.64653,-32.5007
855,49.1585,-46.2154,2.94315,-49.1585
856,53.2442,-47.638,5.60621,-53.2442
857,51.1779,-56.2917,-5.11376,-51.1779
858,52.6251,-58.8862,-6.26113,-52.6251
859,46.2392,-49.8079,-3.56875,-46.2392
860,53.4989,-58.0196,-4.52074,-53.4989
861,53.735,-60.3065,-6.57141,-53.735
862,54.5923,-56.6852,-2.09287,-54.5923
863,22.9137,-27.6228,-4.70906,-22.9137
864,53.4673,-60.7946,-7.32735,-53.4673
865,54.7018,-61.1577,-6.45597,-54.7018
866,54.0007,-60.5507,-6.55002,-54.0007
867,54.2325,-61.1925,-6.96002,-54.2325
868,54.9191,-61.6653,-6.74619,-54.9191
869,42.7052,-47.9408,-5.23561,-42.7052
870,54.2257,-59.564,-5.33829,-54.2257
871,54.2219,-61.6548,-7.43291,-54.2219
872,45.9507,-47.7254,-1.77473,-45.9507
873,54.6515,-55.8844,-1.23286,-54.6515
874,54.4237,-56.7022,-2.27854,-54.4237
875,52.5053,-59.6752,-7.1699,-52.5053
876,50.6252,-57.4455,-6.82034,-50.6252
877,50.4044,-55.9213,-5.51685,-50.4044
878,14.7554,-18.191,-3.4356,-14.7554
879,54.2353,-52.8389,1.39636,-54.2353
880,52.3353,-56.7824,-4.44706,-52.3353
881,39.0538,-46.4225,-7.3687,-39.0538
882,38.6396,-45.0573,-6.41768,-38.6396
883,44.9731,-35.2177,9.75541,-44.9731
884,51.4143,-55.9006,-4.48628,-51.4143
885,52.3124,-59.0656,-6.75325,-52.3124
886,53.4788,-59.6152,-6.13639,-53.4788
887,54.6588,-61.8308,-7.17197,-54.6588
888,54.8251,-61.9234,-7.09833,-54.8251
889,54.5698,-61.3347,-6.76494,-54.5698
890,54.3244,-62.1764,-7.85201,-54.3244
891,54.041,-63.0923,-9.05124,-54.041
892,51.6842,-60.3601,-8.67588,-51.6842
893,54.6133,-62.6955,-8.08211,-54.6133
894,54.1277,-58.9719,-4.8442,-54.1277
895,52.5447,-60.4236,-7.87888,-52.5447
896,54.9785,-61.1133,-6.13477,-54.9785
897,54.6152,-63.1278,-8.51268,-54.6152
898,54.2445,-62.3593,-8.11478,-54.2445
899,54.9775,-62.6894,-7.71183,-54.9775
900,55.1822,-62.4102,-7.22797,-55.1822
901,54.7441,-62.5956,-7.85159,-54.7441
902,55.2051,-64.7998,-9.59473,-55.2051
903,55.1581,-63.7981,-8.64003,-55.1581
904,55.4532,-64.0653,-8.61212,-55.4532
905,55.5349,-63.2911,-7.75618,-55.5349
906,55.2973,-64.068,-8.77064,-55.2973
907,55.2132,-63.79,-8.57676,-55.2132
908,55.0493,-63.2355,-8.18624,-55.0493
909,54.5754,-62.7611,-8.18575,-54.5754
910,55.7271,-63.8754,-8.1483,-55.7271
911,53.6238,-60.2771,-6.65331,-53.6238
912,55.7215,-64.0582,-8.33675,-55.7215
913,54.8732,-64.117,-9.24375,-54.8732
914,55.5654,-65.5965,-10.0311,-55.5654
915,55.8242,-63.8391,-8.01487,-55.8242
916,55.6794,-65.2153,-9.53591,-55.6794
917,54.9419,-63.4245,-8.48255,-54.9419
918,55.3201,-64.0921,-8.77201,-55.3201
919,55.3944,-63.7519,-8.35751,-55.3944
920,55.6037,-64.7987,-9.195,-55.6037
921,55.2653,-64.6051,-9.33989,-55.2653
922,54.8777,-61.9403,-7.06254,-54.8777
923,55.6699,-64.6404,-8.97045,-55.6699
924,55.4858,-64.5904,-9.10453,-55.4858
925,55.7851,-63.7849,-7.99981,-55.7851
926,54.8197,-63.2904,-8.47076,-54.8197
927,54.7089,-63.701,-8.99204,-54.7089
928,54.7752,-62.4013,-7.62618,-54.7752
929,54.3295,-62.6185,-8.28897,-54.3295
930,54.7219,-63.4638,-8.74183,-54.7219
931,55.5182,-64.0237,-8.50551,-55.5182
932,55.3964,-64.732,-9.33555,-55.3964
933,55.966,-64.7777,-8.81171,-55.966
934,44.4509,-51.1597,-6.70873,-44.4509
935,54.912,-63.2681,-8.35611,-54.912
936,55.1771,-57.6465,-2.46933,-55.1771
937,55.3058,-63.9249,-8.61907,-55.3058
938,51.7217,-55.8099,-4.08824,-51.7217
939,53.7509,-50.8494,2.90152,-53.7509
940,52.6601,-61.2127,-8.55265,-52.6601
941,53.0257,-55.1458,-2.12003,-53.0257
942,50.9243,-52.952,-2.02774,-50.9243
943,54.091,-61.5264,-7.43539,-54.091
944,39.971,-46.8563,-6.88534,-39.971
945,52.6081,-58.59,-5.98195,-52.6081
946,50.8818,-58.3153,-7.43346,-50.8818
947,29.1046,-34.5092,-5.40458,-29.1046
948,53.0774,-59.4779,-6.40041,-53.0774
949,50.5191,-56.6792,-6.16013,-50.5191
950,54.1313,-60.6774,-6.54603,-54.1313
951,51.997,-45.2076,6.78935,-51.997
952,54.2659,-60.5879,-6.32194,-54.2659
953,55.0523,-62.8763,-7.82401,-55.0523
954,46.331,-50.7088,-4.37786,-46.331
955,55.1529,-58.9889,-3.83601,-55.1529
956,53.4077,-58.8897,-5.482,-53.4077
957,46.9768,-52.5071,-5.53025,-46.9768
958,16.8399,-21.9171,-5.07721,-16.8399
959,51.8353,-52.6674,-0.832058,-51.8353
960,51.2895,-55.0902,-3.80063,-51.2895
961,54.0372,-60.1221,-6.08488,-54.0372
962,54.9542,-60.6087,-5.65447,-54.9542
963,53.353,-61.1827,-7.82968,-53.353
964,53.7174,-59.01,-5.29257,-53.7174
965,52.0009,-49.9224,2.07856,-52.0009
966,29.8637,-36.2342,-6.37051,-29.8637
967,42.0539,-48.4122,-6.35824,-42.0539
968,48.562,-55.1514,-6.58945,-48.562
969,51.5078,-56.9412,-5.43342,-51.5078
970,51.6303,-50.3697,1.26057,-51.6303
971,53.4092,-43.5351,9.87413,-53.4092
972,50.4897,-55.6495,-5.15975,-50.4897
973,33.6143,-37.7858,-4.17155,-33.6143
974,16.6618,-19.0676,-2.40578,-16.6618
975,41.9008,-46.2973,-4.39642,-41.9008
976,53.2154,-58.3158,-5.10038,-53.2154
977,51.7396,-57.1708,-5.43121,-51.7396
978,54.8231,-61.7108,-6.8877,-54.8231
979,43.5532,-47.9895,-4.4363,-43.5532
980,49.9946,-54.5942,-4.59963,-49.9946
981,45.9515,-51.4518,-5.5003,-45.9515
982,50.8795,-55.3555,-4.47599,-50.8795
983,53.3267,-58.7606,-5.43397,-53.3267
984,53.866,-60.8564,-6.99039,-53.866
985,53.3607,-57.6259,-4.26525,-53.3607
986,50.9431,-55.328,-4.38496,-50.9431
987,16.649,-20.9548,-4.30581,-16.649
988,54.0009,-58.0896,-4.08871,-54.0009
989,54.0846,-62.0316,-7.94692,-54.0846
990,51.5236,-58.241,-6.71739,-51.5236
991,49.1317,-53.7141,-4.58241,-49.1317
992,53.7267,-61.7868,-8.06015,-53.7267
993,53.1137,-48.5357,4.57799,-53.1137
994,52.9179,-57.9811,-5.06319,-52.9179
995,52.4984,-56.5258,-4.02739,-52.4984
996,53.37,-60.5788,-7.20881,-53.37
997,53.2736,-60.1946,-6.92099,-53.2736
998,53.6899,-52.7306,0.959267,-53.6899
999,47.4675,-50.7898,-3.32237,-47.4675
1000,52.4417,-59.836,-7.39432,-52.4417
1001,54.2538,-62.4198,-8.16593,-54.2538
1002,54.812,-62.3471,-7.53508,-54.812
1003,54.4972,-62.4979,-8.00066,-54.4972
1004,54.2971,-63.4307,-9.13359,-54.2971
1005,54.8159,-62.7917,-7.97577,-54.8159
1006,53.3782,-60.0476,-6.66938,-53.3782
1007,54.9093,-62.3311,-7.42185,-54.9093
1008,54.8399,-63.5297,-8.6898,-54.8399
1009,54.863,-62.2566,-7.39355,-54.863
1010,54.4908,-62.7392,-8.24847,-54.4908
1011,54.8259,-63.2269,-8.40101,-54.8259
1012,54.7406,-62.4149,-7.67438,-54.7406
1013,54.7358,-62.3841,-7.64822,-54.7358
1014,54.8286,-62.9173,-8.08876,-54.8286
1015,54.736,-63.825,-9.08902,-54.736
1016,54.6511,-62.1966,-7.54544,-54.6511
1017,53.7067,-61.8318,-8.12504,-53.7067
1018,53.9363,-62.0108,-8.07454,-53.9363
1019,54.5646,-63.99,-9.42538,-54.5646
1020,54.2021,-52.2675,1.93455,-54.2021
1021,53.9777,-61.815,-7.83728,-53.9777
1022,53.7201,-59.6217,-5.90158,-53.7201
1023,53.547,-60.3872,-6.84022,-53.547
1024,53.4874,-61.7997,-8.31224,-53.4874
1025,35.6692,-43.4181,-7.74891,-35.6692
1026,52.6779,-60.9642,-8.28625,-52.6779
1027,52.6174,-56.0791,-3.46169,-52.6174
1028,53.1596,-60.2159,-7.05636,-53.1596
1029,50.9542,-56.4821,-5.52787,-50.9542
1030,51.2761,-57.6473,-6.37126,-51.2761
1031,49.0069,-54.8826,-5.8757,-49.0069
1032,51.6428,-59.1065,-7.46372,-51.6428
1033,45.868,-51.801,-5.93295,-45.868
1034,53.8295,-59.1473,-5.31779,-53.8295
1035,53.4794,-60.1918,-6.71241,-53.4794
1036,53.5944,-59.7846,-6.19017,-53.5944
1037,54.1909,-61.395,-7.20405,-54.1909
1038,53.2886,-61.0176,-7.729,-53.2886
1039,53.947,-62.0324,-8.08539,-53.947
1040,53.9152,-61.4355,-7.5203,-53.9152
1041,50.546,-59.1233,-8.57725,-50.546
1042,52.5267,-59.3579,-6.83122,-52.5267
1043,54.0689,-60.6959,-6.62704,-54.0689
1044,52.7968,-61.2198,-8.42299,-52.7968
1045,52.0348,-59.3102,-7.27542,-52.0348
1046,50.3376,-57.2112,-6.87359,-50.3376
1047,52.6399,-59.9362,-7.29634,-52.6399
1048,53.3283,-59.8575,-6.52915,-53.3283
1049,53.3473,-60.7793,-7.43201,-53.3473
1050,53.7148,-61.6977,-7.98291,-53.7148
1051,51.6187,-54.9096,-3.29093,-51.6187
1052,53.4071,-62.0336,-8.62651,-53.4071
1053,53.4606,-52.3837,1.07692,-53.4606
1054,53.8489,-59.4762,-5.62732,-53.8489
1055,52.7889,-61.0945,-8.30561,-52.7889
1056,54.0922,-62.4857,-8.39346,-54.0922
1057,51.9623,-60.1767,-8.2144,-51.9623
1058,44.2654,-50.3166,-6.05112,-44.2654
1059,54.2693,-61.6309,-7.36162,-54.2693
1060,53.8266,-62.4779,-8.65131,-53.8266
1061,53.8568,-61.3321,-7.47531,-53.8568
1062,53.7119,-62.7876,-9.07574,-53.7119
1063,54.3493,-63.0185,-8.66916,-54.3493
1064,53.7275,-62.1548,-8.42736,-53.7275
1065,54.1396,-61.3648,-7.22525,-54.1396
1066,54.1111,-61.2121,-7.10101,-54.1111
1067,50.4472,-56.5317,-6.08452,-50.4472
1068,53.549,-57.642,-4.09298,-53.549
1069,54.4247,-63.224,-8.7993,-54.4247
1070,52.0978,-60.087,-7.98917,-52.0978
1071,51.351,-58.6155,-7.26445,-51.351
1072,53.8222,-62.3129,-8.49067,-53.8222
1073,50.4293,-57.6286,-7.19932,-50.4293
1074,53.7755,-60.9983,-7.22281,-53.7755
1075,52.1438,-51.1757,0.968088,-52.1438
1076,48.2636,-50.3846,-2.12098,-48.2636
1077,52.0875,-53.7928,-1.70527,-52.0875
1078,35.6732,-41.8571,-6.18391,-35.6732
1079,52.3246,-59.9018,-7.57724,-52.3246
1080,50.994,-57.9223,-6.92829,-50.994
1081,52.7009,-61.0072,-8.30626,-52.7009
1082,49.6528,-56.802,-7.14917,-49.6528
1083,53.9743,-61.5168,-7.54253,-53.9743
1084,53.3269,-60.2968,-6.96982,-53.3269
1085,54.1049,-62.7129,-8.60799,-54.1049
1086,54.346,-62.0216,-7.6756,-54.346
1087,53.4403,-60.6921,-7.25188,-53.4403
1088,52.6128,-59.9558,-7.34307,-52.6128
1089,52.8028,-60.4872,-7.68442,-52.8028
1090,53.2498,-60.4704,-7.22058,-53.2498
1091,51.676,-59.2572,-7.58112,-51.676
1092,52.7705,-59.0279,-6.25743,-52.7705
1093,53.854,-60.1519,-6.29783,-53.854
1094,45.3624,-53.098,-7.73558,-45.3624
1095,48.3876,-54.0935,-5.70589,-48.3876
1096,43.3851,-49.3083,-5.92321,-43.3851
1097,50.7531,-58.0493,-7.29621,-50.7531
1098,52.5531,-60.1575,-7.60441,-52.5531
1099,53.419,-51.5393,1.87966,-53.419
1100,52.0208,-58.1481,-6.12722,-52.0208
1101,50.1086,-57.2845,-7.17592,-50.1086
1102,53.5961,-60.8339,-7.23775,-53.5961
1103,53.8801,-58.8207,-4.94059,-53.8801
1104,52.4834,-60.1011,-7.6177,-52.4834
1105,53.9248,-61.9668,-8.04204,-53.9248
1106,42.8078,-49.3008,-6.49299,-42.8078
1107,53.2887,-60.3349,-7.04615,-53.2887
1108,52.8533,-59.7212,-6.86785,-52.8533
1109,47.0654,-53.5005,-6.43514,-47.0654
1110,45.7196,-51.9874,-6.26782,-45.7196
1111,51.1519,-58.3028,-7.15093,-51.1519
1112,52.8938,-59.2951,-6.40125,-52.8938
1113,52.0646,-58.9381,-6.8735,-52.0646
1114,51.9204,-58.9946,-7.07413,-51.9204
1115,52.371,-60.6733,-8.30229,-52.371
1116,52.9836,-60.9774,-7.99381,-52.9836
1117,53.4325,-61.6964,-8.26386,-53.4325
1118,50.7901,-59.1673,-8.37716,-50.7901
1119,53.719,-62.2503,-8.53138,-53.719
1120,53.865,-57.9382,-4.07326,-53.865
1121,52.1924,-60.6074,-8.41499,-52.1924
1122,53.3659,-59.1209,-5.75502,-53.3659
1123,53.9044,-62.1834,-8.279,-53.9044
1124,53.9191,-61.4316,-7.51244,-53.9191
1125,53.3534,-61.6418,-8.28838,-53.3534
1126,51.9602,-58.2373,-6.27712,-51.9602
1127,45.5361,-51.8504,-6.31429,-45.5361
1128,52.6083,-53.8296,-1.22123,-52.6083
1129,52.3833,-58.0966,-5.71329,-52.3833
1130,49.0203,-56.7459,-7.72557,-49.0203
1131,52.1216,-55.7388,-3.61722,-52.1216
1132,46.4833,-54.0138,-7.53049,-46.4833
1133,52.0868,-56.3073,-4.22055,-52.0868
1134,50.2196,-55.6156,-5.39597,-50.2196
1135,53.3456,-59.7197,-6.37409,-53.3456
1136,52.6026,-60.9282,-8.32558,-52.6026
1137,53.3714,-61.3456,-7.97419,-53.3714
1138,53.9806,-61.96,-7.97936,-53.9806
1139,54.098,-62.5699,-8.47188,-54.098
1140,30.1794,-35.2527,-5.07335,-30.1794
1141,51.0561,-56.1239,-5.06774,-51.0561
1142,53.3165,-56.2063,-2.88977,-53.3165
1143,51.3337,-51.7933,-0.459602,-51.3337
1144,51.2137,-58.9541,-7.74046,-51.2137
1145,49.8176,-56.3044,-6.48677,-49.8176
1146,52.4044,-58.9249,-6.52046,-52.4044
1147,50.5554,-55.1225,-4.56709,-50.5554
1148,52.4304,-43.5246,8.90583,-52.4304
1149,52.3854,-59.7928,-7.40744,-52.3854
1150,48.6179,-55.7425,-7.12468,-48.6179
1151,46.9183,-54.2048,-7.28655,-46.9183
1152,47.7764,-52.5668,-4.7904,-47.7764
1153,44.8454,-50.976,-6.13066,-44.8454
1154,52.9435,-60.1386,-7.19504,-52.9435
1155,53.3987,-60.7703,-7.37159,-53.3987
1156,53.75,-62.1566,-8.40657,-53.75
1157,52.4145,-59.8213,-7.40674,-52.4145
1158,54.0499,-61.1311,-7.08116,-54.0499
1159,53.4568,-60.6678,-7.21095,-53.4568
1160,54.7208,-63.4758,-8.7551,-54.7208
1161,54.3528,-62.4146,-8.06181,-54.3528
1162,54.3553,-62.6545,-8.29913,-54.3553
1163,54.2383,-59.8829,-5.6446,-54.2383
1164,20.8405,-25.7682,-4.92768,-20.8405
1165,52.2391,-58.8187,-6.57957,-52.2391
1166,52.4419,-60.0247,-7.58272,-52.4419
1167,48.2996,-55.4384,-7.13883,-48.2996
1168,51.0542,-57.7537,-6.69955,-51.0542
1169,39.1044,-44.6793,-5.57497,-39.1044
1170,38.2569,-44.7489,-6.49208,-38.2569
1171,52.8641,-48.4651,4.39905,-52.8641
1172,52.7536,-59.5983,-6.8447,-52.7536
1173,53.7449,-61.7303,-7.98538,-53.7449
1174,54.0525,-61.2935,-7.241,-54.0525
1175,54.1115,-61.2173,-7.10584,-54.1115
1176,54.5879,-62.9182,-8.3303,-54.5879
1177,54.7827,-62.2206,-7.4379,-54.7827
1178,54.4077,-61.998,-7.59025,-54.4077
1179,55.0011,-63.7049,-8.70376,-55.0011
1180,54.5624,-64.1387,-9.57628,-54.5624
1181,55.0129,-63.7141,-8.70122,-55.0129
1182,54.6421,-63.5168,-8.87462,-54.6421
1183,55.002,-64.3122,-9.31025,-55.002
1184,54.7401,-63.6169,-8.87676,-54.7401
1185,54.7396,-63.1801,-8.44045,-54.7396
1186,54.7404,-63.1846,-8.4442,-54.7404
1187,55.1294,-64.1244,-8.99494,-55.1294
1188,53.9787,-62.6305,-8.65179,-53.9787
1189,54.8833,-63.0334,-8.15007,-54.8833
1190,54.7268,-63.7581,-9.03128,-54.7268
1191,55.1057,-64.6557,-9.54996,-55.1057
1192,55.0581,-64.5057,-9.44762,-55.0581
1193,54.8499,-64.5203,-9.67046,-54.8499
1194,53.1037,-61.637,-8.53332,-53.1037
1195,54.4971,-64.1723,-9.67519,-54.4971
1196,54.8584,-63.7478,-8.88947,-54.8584
1197,31.8751,-39.2662,-7.39113,-31.8751
1198,52.916,-61.5533,-8.63731,-52.916
1199,53.6679,-62.5941,-8.92618,-53.6679
1200,49.839,-56.6752,-6.83618,-49.839
1201,54.0086,-55.5421,-1.53353,-54.0086
1202,51.4121,-59.0936,-7.68151,-51.4121
1203,53.347,-62.1892,-8.84222,-53.347
1204,51.2985,-60.2272,-8.92863,-51.2985
1205,51.1197,-56.8105,-5.69081,-51.1197
1206,41.3881,-48.2542,-6.8661,-41.3881
1207,50.0592,-53.7264,-3.66723,-50.0592
1208,22.3284,-28.4388,-6.11044,-22.3284
1209,46.0684,-52.8007,-6.73225,-46.0684
1210,51.7399,-57.6814,-5.94145,-51.7399
1211,53.3952,-60.6632,-7.26808,-53.3952
1212,53.3619,-60.9012,-7.53932,-53.3619
1213,50.7594,-58.7074,-7.94801,-50.7594
1214,44.6071,-51.2393,-6.63221,-44.6071
1215,53.122,-59.2793,-6.15732,-53.122
1216,53.2214,-59.358,-6.13662,-53.2214
1217,53.7641,-60.7897,-7.02556,-53.7641
1218,53.4713,-61.6539,-8.18264,-53.4713
1219,52.5751,-60.4968,-7.92169,-52.5751
1220,54.4428,-61.4185,-6.97562,-54.4428
1221,53.0109,-60.737,-7.72613,-53.0109
1222,50.7527,-58.6037,-7.85101,-50.7527
1223,50.1784,-58.1652,-7.98683,-50.1784
1224,53.5108,-58.9453,-5.43452,-53.5108
1225,53.1196,-58.5635,-5.44387,-53.1196
1226,50.8843,-59.168,-8.2837,-50.8843
1227,43.5861,-50.6995,-7.11343,-43.5861
1228,41.3223,-48.9604,-7.63807,-41.3223
1229,51.8597,-38.195,13.6648,-51.8597
1230,51.7579,-53.872,-2.11406,-51.7579
1231,46.9268,-54.7645,-7.83766,-46.9268
1232,51.8077,-57.3352,-5.52747,-51.8077
1233,52.1314,-59.3063,-7.17498,-52.1314
1234,52.0087,-59.6049,-7.59615,-52.0087
1235,51.1242,-58.0948,-6.97063,-51.1242
1236,51.8847,-60.3274,-8.44268,-51.8847
1237,52.6711,-56.5512,-3.88011,-52.6711
1238,51.1162,-57.4776,-6.36143,-51.1162
1239,52.5761,-55.8281,-3.25203,-52.5761
1240,46.8549,-49.2959,-2.44102,-46.8549
1241,52.2925,-60.0372,-7.74464,-52.2925
1242,52.4138,-61.4774,-9.06368,-52.4138
1243,52.6377,-59.2292,-6.5915,-52.6377
1244,53.1563,-36.8978,16.2585,-53.1563
1245,49.2517,-54.4515,-5.19985,-49.2517
1246,53.356,-57.0068,-3.65076,-53.356
1247,51.8161,-58.4047,-6.58861,-51.8161
1248,52.254,-60.4136,-8.15955,-52.254
1249,52.4506,-60.6133,-8.16268,-52.4506
1250,47.9139,-56.9006,-8.98669,-47.9139
1251,52.2849,-59.0018,-6.7169,-52.2849
1252,51.698,-58.781,-7.08304,-51.698
1253,52.2924,-60.0377,-7.7453,-52.2924
1254,53.1811,-51.2923,1.88883,-53.1811
1255,52.3159,-58.1738,-5.85794,-52.3159
1256,52.0758,-56.0606,-3.98474,-52.0758
1257,53.5145,-59.4161,-5.90163,-53.5145
1258,52.1829,-59.7991,-7.61626,-52.1829
1259,53.6282,-62.4652,-8.83693,-53.6282
1260,53.8954,-62.7747,-8.87934,-53.8954
1261,53.7722,-61.747,-7.97474,-53.7722
1262,54.5262,-63.589,-9.06272,-54.5262
1263,54.3639,-62.9007,-8.53686,-54.3639
1264,54.6481,-63.6058,-8.95773,-54.6481
1265,54.7203,-62.6559,-7.93566,-54.7203
1266,53.9608,-62.1355,-8.17466,-53.9608
1267,54.3997,-61.9153,-7.51563,-54.3997
1268,54.6479,-63.3408,-8.69281,-54.6479
1269,54.5631,-62.7366,-8.17352,-54.5631
1270,54.5237,-41.6082,12.9155,-54.5237
1271,53.9467,-62.8037,-8.85695,-53.9467
1272,52.1033,-59.6972,-7.59399,-52.1033
1273,49.2993,-57.1828,-7.88351,-49.2993
1274,52.1366,-59.3877,-7.25116,-52.1366
1275,24.8863,-31.7613,-6.87501,-24.8863
1276,51.9195,-59.649,-7.72952,-51.9195
1277,50.9422,-60.3239,-9.38169,-50.9422
1278,49.7511,-57.2744,-7.52333,-49.7511
1279,52.3106,-53.4311,-1.12045,-52.3106
1280,53.6758,-60.3927,-6.71693,-53.6758
1281,53.6093,-58.1714,-4.56215,-53.6093
1282,21.7352,-26.679,-4.94374,-21.7352
1283,52.5794,-59.2862,-6.70677,-52.5794
1284,53.8215,-56.9698,-3.14827,-53.8215
1285,53.8607,-60.9916,-7.13099,-53.8607
1286,52.2023,-60.0734,-7.87106,-52.2023
1287,53.1614,-57.5288,-4.36736,-53.1614
1288,53.7537,-62.335,-8.58133,-53.7537
1289,53.5228,-56.0232,-2.50035,-53.5228
1290,53.7294,-60.097,-6.36757,-53.7294
1291,53.2815,-57.6352,-4.35372,-53.2815
1292,53.6329,-61.1775,-7.54467,-53.6329
1293,50.896,-56.6309,-5.73488,-50.896
1294,48.5619,-54.3712,-5.80931,-48.5619
1295,53.401,-61.1451,-7.74412,-53.401
1296,52.0357,-57.1059,-5.07025,-52.0357
1297,50.0767,-56.2026,-6.12593,-50.0767
1298,52.2881,-44.1913,8.09678,-52.2881
1299,51.6521,-59.5909,-7.9388,-51.6521
1300,52.7692,-59.4373,-6.66813,-52.7692
1301,50.8493,-53.6311,-2.78174,-50.8493
1302,54.071,-61.626,-7.55501,-54.071
1303,54.088,-61.6772,-7.58922,-54.088
1304,53.3643,-61.0702,-7.70596,-53.3643
1305,54.5145,-62.4837,-7.96925,-54.5145
1306,46.963,-54.8871,-7.92415,-46.963
1307,54.381,-55.3429,-0.961912,-54.381
1308,54.514,-62.8645,-8.35045,-54.514
1309,54.4583,-63.4947,-9.03636,-54.4583
1310,54.5119,-62.4879,-7.97596,-54.5119
1311,54.7413,-63.0073,-8.26603,-54.7413
1312,54.2012,-63.8237,-9.62257,-54.2012
1313,55.1653,-63.0507,-7.88539,-55.1653
1314,54.8037,-62.7353,-7.93155,-54.8037
1315,55.0676,-63.7352,-8.66763,-55.0676
1316,55.0312,-63.5629,-8.53173,-55.0312
1317,54.6928,-64.2538,-9.56097,-54.6928
1318,53.4781,-63.3252,-9.84704,-53.4781
1319,55.0536,-64.2943,-9.2407,-55.0536
1320,54.6016,-63.7966,-9.19506,-54.6016
1321,55.2639,-64.5658,-9.30188,-55.2639
1322,54.5373,-63.5678,-9.03056,-54.5373
1323,55.0746,-64.0693,-8.99471,-55.0746
1324,54.8642,-63.4199,-8.55576,-54.8642
1325,53.9287,-61.9917,-8.06307,-53.9287
1326,54.4679,-63.3683,-8.90037,-54.4679
1327,54.8702,-63.6428,-8.77264,-54.8702
1328,54.2479,-62.7395,-8.49168,-54.2479
1329,54.8567,-57.079,-2.22226,-54.8567
1330,54.7868,-51.6839,3.10283,-54.7868
1331,53.3024,-62.0551,-8.75271,-53.3024
1332,53.7659,-60.5006,-6.73473,-53.7659
1333,53.8126,-44.5895,9.22315,-53.8126
1334,41.7966,-48.3872,-6.59059,-41.7966
1335,51.9572,-56.3547,-4.39748,-51.9572
1336,50.3515,-48.5771,1.77441,-50.3515
1337,17.1244,-24.1576,-7.0332,-17.1244
1338,51.986,-57.4412,-5.45525,-51.986
1339,52.8192,-56.4667,-3.64757,-52.8192
1340,53.7514,-61.9436,-8.19217,-53.7514
1341,53.9488,-62.4423,-8.4935,-53.9488
1342,53.847,-59.9468,-6.0998,-53.847
1343,54.2232,-63.6838,-9.46061,-54.2232
1344,43.5775,-50.4158,-6.83831,-43.5775
1345,52.3718,-59.2871,-6.91524,-52.3718
1346,45.2022,-53.9986,-8.79639,-45.2022
1347,47.6644,-54.7103,-7.04595,-47.6644
1348,53.6139,-55.5841,-1.97018,-53.6139
1349,53.6453,-62.7125,-9.06719,-53.6453
1350,53.1521,-61.9078,-8.75571,-53.1521
1351,54.3524,-61.6611,-7.30875,-54.3524
1352,52.503,-59.7427,-7.23967,-52.503
1353,51.4107,-60.0883,-8.67758,-51.4107
1354,53.662,-61.8324,-8.17038,-53.662
1355,50.069,-55.9422,-5.87322,-50.069
1356,44.2999,-50.1147,-5.81481,-44.2999
1357,53.7526,-42.72,11.0326,-53.7526
1358,53.688,-61.376,-7.68799,-53.688
1359,51.8698,-54.6831,-2.81331,-51.8698
1360,50.0996,-57.1841,-7.08454,-50.0996
1361,49.8474,-49.2931,0.554307,-49.8474
1362,46.0138,-52.6909,-6.67705,-46.0138
1363,50.2285,-54.9677,-4.73926,-50.2285
1364,52.9628,-61.0856,-8.12283,-52.9628
1365,50.2447,-55.3905,-5.14577,-50.2447
1366,53.3786,-60.0664,-6.68776,-53.3786
1367,53.9014,-63.8714,-9.97,-53.9014
1368,52.0686,-59.2361,-7.16752,-52.0686
1369,54.4964,-61.3393,-6.84283,-54.4964
1370,54.2676,-62.9028,-8.63526,-54.2676
1371,54.5653,-61.5051,-6.93977,-54.5653
1372,54.6019,-60.8493,-6.24738,-54.6019
1373,54.4535,-56.1104,-1.6569,-54.4535
1374,52.9198,-56.4109,-3.49107,-52.9198
1375,53.8674,-60.4075,-6.54017,-53.8674
1376,52.8203,-39.6339,13.1865,-52.8203
1377,53.4759,-60.7201,-7.24427,-53.4759
1378,49.2402,-57.0741,-7.83396,-49.2402
1379,53.0948,-53.4436,-0.348793,-53.0948
1380,51.9281,-58.6142,-6.68605,-51.9281
1381,49.6696,-55.1464,-5.47677,-49.6696
1382,50.4143,-54.1537,-3.73943,-50.4143
1383,50.3414,-57.9322,-7.59078,-50.3414
1384,53.4038,-26.0998,27.304,-53.4038
1385,48.1277,-54.0432,-5.91543,-48.1277
1386,39.8407,-46.5327,-6.69193,-39.8407
1387,52.4038,-54.8599,-2.45609,-52.4038
1388,51.9585,-55.8562,-3.8977,-51.9585
1389,50.7925,-51.5456,-0.753158,-50.7925
1390,51.0701,-57.5077,-6.43756,-51.0701
1391,47.2695,-52.236,-4.96654,-47.2695
1392,51.3597,-61.1041,-9.74438,-51.3597
1393,52.5854,-61.427,-8.84155,-52.5854
1394,49.7515,-57.7439,-7.99239,-49.7515
1395,53.8311,-49.8448,3.98622,-53.8311
1396,52.4508,-55.2072,-2.75635,-52.4508
1397,49.6932,-57.6586,-7.9654,-49.6932
1398,46.5566,-50.7755,-4.21892,-46.5566
1399,53.551,-58.7325,-5.18147,-53.551
1400,50.409,-54.9377,-4.52874,-50.409
1401,50.8292,-49.6845,1.14472,-50.8292
1402,53.4721,-61.3517,-7.8796,-53.4721
1403,53.5843,-49.7334,3.85093,-53.5843
1404,53.6553,-60.7158,-7.06048,-53.6553
1405,52.662,-55.575,-2.913,-52.662
1406,53.5301,-56.1337,-2.60361,-53.5301
1407,51.3655,-57.6578,-6.29235,-51.3655
1408,52.4762,-58.6455,-6.16928,-52.4762
1409,52.8419,-60.7619,-7.92007,-52.8419
1410,47.7698,-35.6203,12.1494,-47.7698
1411,51.446,-47.599,3.84694,-51.446
1412,51.3885,-48.2934,3.09515,-51.3885
1413,27.9477,-32.8575,-4.90975,-27.9477
1414,47.5681,-36.2194,11.3487,-47.5681
1415,39.6559,-46.5342,-6.87825,-39.6559
1416,45.8578,-39.0596,6.79817,-45.8578
1417,48.217,-46.2619,1.95507,-48.217
1418,49.3923,-48.8152,0.577011,-49.3923
1419,44.7288,-47.8625,-3.13372,-44.7288
1420,52.8971,-58.9097,-6.01257,-52.8971
1421,48.6973,-54.6799,-5.98259,-48.6973
1422,52.5162,-59.0636,-6.54742,-52.5162
1423,41.1295,-46.3958,-5.26635,-41.1295
1424,53.7429,-61.5459,-7.80298,-53.7429
1425,53.9693,-62.5755,-8.60621,-53.9693
1426,30.6147,-36.0658,-5.45114,-30.6147
1427,53.2221,-49.2025,4.0196,-53.2221
1428,53.4618,-28.0847,25.3771,-53.4618
1429,53.5459,-60.8412,-7.29533,-53.5459
1430,53.7916,-62.399,-8.60749,-53.7916
1431,52.3616,-60.4553,-8.09363,-52.3616
1432,53.4257,-61.22,-7.79429,-53.4257
1433,52.5169,-58.7167,-6.19979,-52.5169
1434,53.9071,-59.2285,-5.32142,-53.9071
1435,35.6561,-41.2775,-5.62139,-35.6561
1436,50.9642,-58.1864,-7.22217,-50.9642
1437,52.0579,-56.6169,-4.559,-52.0579
1438,53.5364,-55.0983,-1.56194,-53.5364
1439,48.6752,-55.1444,-6.46922,-48.6752
1440,33.4104,-39.8947,-6.48435,-33.4104
1441,53.2557,-59.299,-6.04322,-53.2557
1442,52.8992,-58.406,-5.50683,-52.8992
1443,50.5006,-55.9786,-5.47798,-50.5006
1444,51.721,-59.0585,-7.33753,-51.721
1445,51.3134,-59.1356,-7.82225,-51.3134
1446,50.9959,-52.2541,-1.25828,-50.9959
1447,50.8756,-55.8928,-5.01718,-50.8756
1448,41.763,-46.288,-4.52503,-41.763
1449,40.9693,-41.5288,-0.559546,-40.9693
1450,51.7741,-45.6414,6.13271,-51.7741
1451,45.2729,-50.966,-5.69314,-45.2729
1452,50.378,-57.1215,-6.74352,-50.378
1453,52.1605,-44.1015,8.05898,-52.1605
1454,47.3775,-54.0869,-6.70944,-47.3775
1455,45.0946,-50.4947,-5.40004,-45.0946
1456,47.0811,-42.788,4.29314,-47.0811
1457,28.9555,-34.9596,-6.00415,-28.9555
1458,29.3432,-32.4313,-3.08805,-29.3432
1459,50.3497,-55.735,-5.38527,-50.3497
1460,49.0622,-46.8149,2.2473,-49.0622
1461,41.7859,-47.5226,-5.7367,-41.7859
1462,38.1557,-42.7024,-4.54666,-38.1557
1463,51.2737,-55.601,-4.32726,-51.2737
1464,51.6819,-53.3976,-1.71568,-51.6819
1465,52.8171,-59.9197,-7.10264,-52.8171
1466,53.2102,-59.2808,-6.07061,-53.2102
1467,53.8204,-60.9843,-7.16394,-53.8204
1468,53.2822,-60.4401,-7.15792,-53.2822
1469,53.807,-61.407,-7.60001,-53.807
1470,54.5186,-61.7372,-7.21859,-54.5186
1471,54.2392,-61.3098,-7.07061,-54.2392
1472,54.2588,-60.3182,-6.0595,-54.2588
1473,54.1211,-60.862,-6.74088,-54.1211
1474,52.192,-59.9654,-7.77342,-52.192
1475,54.3553,-61.9924,-7.63712,-54.3553
1476,53.3711,-60.1887,-6.81768,-53.3711
1477,54.2336,-63.0641,-8.83047,-54.2336
1478,52.8931,-60.6948,-7.80168,-52.8931
1479,51.3584,-56.5338,-5.17542,-51.3584
1480,53.0774,-60.702,-7.62461,-53.0774
1481,51.6943,-58.9726,-7.27829,-51.6943
1482,53.458,-55.0278,-1.56976,-53.458
1483,53.0391,-59.9325,-6.89347,-53.0391
1484,52.3635,-57.9515,-5.58805,-52.3635
1485,53.2459,-61.5205,-8.2746,-53.2459
1486,48.4129,-53.0894,-4.67652,-48.4129
1487,33.8267,-40.7912,-6.96452,-33.8267
1488,40.2089,-45.3504,-5.1415,-40.2089
1489,52.3486,-18.5292,33.8194,-52.3486
1490,49.0086,-35.8562,13.1524,-49.0086
1491,31.7714,-36.9928,-5.22136,-31.7714
1492,50.8196,-47.324,3.49561,-50.8196
1493,50.7674,-43.8343,6.93308,-50.7674
1494,49.6811,-28.1288,21.5523,-49.6811
1495,47.4315,-43.8174,3.6141,-47.4315
1496,51.4928,-43.6505,7.84231,-51.4928
1497,50.6851,-43.677,7.00812,-50.6851
1498,51.9203,-54.2249,-2.30453,-51.9203
1499,51.8134,-28.2271,23.5863,-51.8134
1500,52.4695,-57.7117,-5.24221,-52.4695
1501,52.3094,-52.0858,0.223635,-52.3094
1502,51.1238,-52.8515,-1.7277,-51.1238
1503,50.9058,-57.3566,-6.45083,-50.9058
1504,46.2205,-49.4231,-3.20263,-46.2205
1505,49.8505,-55.305,-5.45452,-49.8505
1506,53.8274,-58.1267,-4.2993,-53.8274
1507,48.5129,-54.7834,-6.27048,-48.5129
1508,52.4901,-57.4406,-4.95045,-52.4901
1509,51.5753,-58.5987,-7.02341,-51.5753
1510,53.6077,-55.7129,-2.10527,-53.6077
1511,50.186,-57.4324,-7.24643,-50.186
1512,52.5906,-59.552,-6.96137,-52.5906
1513,29.4132,-35.5415,-6.12831,-29.4132
1514,51.5374,-56.9084,-5.37099,-51.5374
1515,47.2388,-54.3551,-7.11634,-47.2388
1516,50.6668,-55.1827,-4.5159,-50.6668
1517,53.6553,-60.8532,-7.19787,-53.6553
1518,52.2387,-59.0105,-6.77178,-52.2387
1519,53.6451,-61.2156,-7.57056,-53.6451
1520,53.1913,-60.782,-7.59063,-53.1913
1521,54.098,-63.5784,-9.48035,-54.098
1522,53.0965,-59.7074,-6.61081,-53.0965
1523,54.1779,-62.0705,-7.89256,-54.1779
1524,54.7975,-64.0954,-9.29785,-54.7975
1525,54.4543,-63.2427,-8.78844,-54.4543
1526,54.325,-63.271,-8.94595,-54.325
1527,53.6293,-60.0765,-6.44717,-53.6293
1528,54.618,-62.7721,-8.15411,-54.618
1529,50.786,-57.9797,-7.19365,-50.786
1530,54.5357,-63.0003,-8.46464,-54.5357
1531,51.4476,-59.4832,-8.03557,-51.4476
1532,49.6625,-57.664,-8.00151,-49.6625
1533,53.6508,-58.4532,-4.80241,-53.6508
1534,47.1234,-52.3061,-5.18267,-47.1234
1535,50.7359,-56.1059,-5.36996,-50.7359
1536,52.0069,-45.6563,6.35054,-52.0069
1537,40.4916,-47.6613,-7.16977,-40.4916
1538,51.5746,-53.4907,-1.91611,-51.5746
1539,52.8225,-60.1581,-7.33556,-52.8225
1540,49.6063,-54.9191,-5.31279,-49.6063
1541,53.2577,-55.6271,-2.36945,-53.2577
1542,52.3209,-50.7656,1.55533,-52.3209
1543,50.8269,-57.0553,-6.22848,-50.8269
1544,50.8274,-55.9694,-5.14194,-50.8274
1545,54.1057,-61.5667,-7.46097,-54.1057
1546,52.3874,-59.2144,-6.82693,-52.3874
1547,52.1082,-58.0679,-5.95964,-52.1082
1548,52.4801,-53.9098,-1.42978,-52.4801
1549,52.9082,-51.8059,1.10237,-52.9082
1550,51.7799,-58.1855,-6.40556,-51.7799
1551,46.4577,-51.7637,-5.30602,-46.4577
1552,49.3529,-55.3334,-5.98049,-49.3529
1553,48.4077,-53.1887,-4.78098,-48.4077
1554,52.5403,-59.2781,-6.73784,-52.5403
1555,51.8,-58.1684,-6.36841,-51.8
1556,52.5717,-57.056,-4.48423,-52.5717
1557,53.8609,-42.6992,11.1617,-53.8609
1558,52.5941,-59.9955,-7.40144,-52.5941
1559,52.9949,-56.6642,-3.66934,-52.9949
1560,53.4792,-58.7254,-5.24617,-53.4792
1561,44.4249,-48.0215,-3.59658,-44.4249
1562,53.0092,-59.6173,-6.60804,-53.0092
1563,53.3229,-60.082,-6.75918,-53.3229
1564,52.8348,-59.1905,-6.35571,-52.8348
1565,53.2587,-60.3144,-7.05567,-53.2587
1566,39.9005,-46.6764,-6.77583,-39.9005
1567,53.0238,-59.0356,-6.01176,-53.0238
1568,49.6456,-55.3063,-5.66072,-49.6456
1569,39.6205,-44.5037,-4.8832,-39.6205
1570,52.8091,-57.7896,-4.98047,-52.8091
1571,52.6062,-52.5861,0.0201627,-52.6062
1572,42.9417,-50.0728,-7.1311,-42.9417
1573,52.0675,-41.1242,10.9433,-52.0675
1574,47.7365,-51.6152,-3.8787,-47.7365
1575,47.3838,-51.3985,-4.0147,-47.3838
1576,51.6982,-58.5802,-6.88206,-51.6982
1577,45.6014,-51.8972,-6.29579,-45.6014
1578,48.286,-53.7217,-5.43573,-48.286
1579,52.4812,-58.2157,-5.73455,-52.4812
1580,31.3652,-37.0786,-5.71341,-31.3652
1581,52.824,-56.2533,-3.42925,-52.824
1582,52.6905,-55.6491,-2.95858,-52.6905
1583,52.965,-56.996,-4.03098,-52.965
1584,49.0745,-56.4855,-7.41099,-49.0745
1585,52.3194,-53.0652,-0.745825,-52.3194
1586,51.5919,-56.895,-5.30312,-51.5919
1587,50.2736,-53.2152,-2.94159,-50.2736
1588,46.7494,-48.0689,-1.31949,-46.7494
1589,46.1203,-53.4923,-7.37195,-46.1203
1590,46.778,-41.9241,4.85381,-46.778
1591,35.465,-40.7573,-5.29233,-35.465
1592,49.0461,-54.5762,-5.53005,-49.0461
1593,50.5907,-55.5274,-4.93664,-50.5907
1594,39.5307,-43.5322,-4.00143,-39.5307
1595,38.7804,-44.3982,-5.61775,-38.7804
1596,51.2793,-55.7155,-4.43612,-51.2793
1597,53.0237,-50.8018,2.22189,-53.0237
1598,51.9321,-57.6297,-5.69755,-51.9321
1599,52.6988,-52.7948,-0.0959299,-52.6988
1600,49.3532,-55.5988,-6.2456,-49.3532
1601,49.5617,-55.583,-6.02127,-49.5617
1602,49.9933,-52.0447,-2.05137,-49.9933
1603,43.4526,-50.6173,-7.16463,-43.4526
1604,34.7873,-40.2687,-5.48141,-34.7873
1605,51.8928,-37.33,14.5628,-51.8928
1606,50.0095,-35.8348,14.1748,-50.0095
1607,39.6345,-44.6028,-4.9683,-39.6345
1608,48.8416,-55.4956,-6.65402,-48.8416
1609,45.545,-42.1859,3.35903,-45.545
1610,42.2589,-48.0361,-5.77722,-42.2589
1611,44.5867,-47.5321,-2.94541,-44.5867
1612,38.8062,-43.9914,-5.18527,-38.8062
1613,46.5242,-51.4538,-4.92952,-46.5242
1614,51.1965,-57.6144,-6.41792,-51.1965
1615,45.2656,-52.5438,-7.2782,-45.2656
1616,52.9557,-46.3184,6.63735,-52.9557
1617,36.2317,-41.3975,-5.16587,-36.2317
1618,48.302,-51.3766,-3.07453,-48.302
1619,46.0967,-49.7069,-3.61015,-46.0967
1620,50.1015,-58.1125,-8.01107,-50.1015
1621,50.2459,-39.1443,11.1016,-50.2459
1622,49.6245,-54.6075,-4.98296,-49.6245
1623,50.2689,-53.2502,-2.98136,-50.2689
1624,51.4403,-50.4917,0.948538,-51.4403
1625,51.2783,-57.3114,-6.0331,-51.2783
1626,40.4043,-45.0723,-4.66807,-40.4043
1627,38.5022,-43.8518,-5.34953,-38.5022
1628,50.3805,-45.0849,5.29556,-50.3805
1629,52.7332,-55.5581,-2.8249,-52.7332
1630,48.3491,-55.9387,-7.58961,-48.3491
1631,52.1457,-51.1774,0.968317,-52.1457
1632,51.98,-58.1709,-6.19087,-51.98
1633,41.4871,-45.0639,-3.57679,-41.4871
1634,52.2165,-58.4963,-6.2798,-52.2165
1635,53.5564,-60.4735,-6.9171,-53.5564
1636,48.3729,-54.4319,-6.05901,-48.3729
1637,53.1228,-56.0141,-2.89132,-53.1228
1638,50.7424,-53.2683,-2.52588,-50.7424
1639,39.1107,-41.8029,-2.6922,-39.1107
1640,14.674,-17.8737,-3.19973,-14.674
1641,47.6153,-49.6857,-2.07046,-47.6153
1642,50.986,-52.7562,-1.77019,-50.986
1643,52.8498,-57.6372,-4.78744,-52.8498
1644,52.4004,-21.7174,30.683,-52.4004
1645,46.2827,-51.2393,-4.95659,-46.2827
1646,52.9502,-59.8527,-6.90248,-52.9502
1647,45.7258,-51.1557,-5.42984,-45.7258
1648,52.4775,-56.1824,-3.7049,-52.4775
1649,53.1333,-58.9418,-5.80849,-53.1333
1650,50.3744,-57.1725,-6.79809,-50.3744
1651,52.1166,-58.4949,-6.37829,-52.1166
1652,46.7855,-53.8159,-7.03041,-46.7855
1653,52.3618,-49.8166,2.54521,-52.3618
1654,49.6126,-34.3455,15.2671,-49.6126
1655,52.5322,-52.722,-0.189827,-52.5322
1656,50.6588,-56.6278,-5.96903,-50.6588
1657,50.8076,-52.1949,-1.38736,-50.8076
1658,49.0644,-53.351,-4.2866,-49.0644
1659,52.2568,-55.2981,-3.0413,-52.2568
1660,48.4357,-53.9518,-5.5161,-48.4357
1661,50.13,-54.9764,-4.84642,-50.13
1662,52.428,-45.1293,7.29877,-52.428
1663,51.9687,-53.3547,-1.386,-51.9687
1664,52.1387,-57.4072,-5.26844,-52.1387
1665,28.7145,-32.2323,-3.5178,-28.7145
1666,52.3661,-57.928,-5.56192,-52.3661
1667,51.9657,-60.4824,-8.51667,-51.9657
1668,52.0653,-46.545,5.5203,-52.0653
1669,43.4994,-49.3528,-5.85347,-43.4994
1670,52.6727,-60.0461,-7.37342,-52.6727
1671,51.3906,-54.0386,-2.64796,-51.3906
1672,53.232,-58.656,-5.42406,-53.232
1673,53.0283,-53.8413,-0.813003,-53.0283
1674,53.2442,-60.4686,-7.22435,-53.2442
1675,52.0073,-58.6471,-6.63982,-52.0073
1676,49.4889,-53.49,-4.00116,-49.4889
1677,52.2635,-52.9466,-0.683138,-52.2635
1678,27.6764,-32.5696,-4.89327,-27.6764
1679,51.5748,-54.9222,-3.34733,-51.5748
1680,33.9383,-39.5546,-5.61624,-33.9383
1681,47.265,-29.1251,18.1399,-47.265
1682,44.9382,-48.3415,-3.40327,-44.9382
1683,49.413,-53.1965,-3.78347,-49.413
1684,52.7314,-57.8092,-5.07786,-52.7314
1685,50.558,-55.2907,-4.73266,-50.558
1686,53.6285,-60.8931,-7.26454,-53.6285
1687,37.9991,-42.5234,-4.52427,-37.9991
1688,49.9138,-55.9686,-6.05478,-49.9138
1689,45.2545,-51.0912,-5.83672,-45.2545
1690,50.3235,-56.3379,-6.01446,-50.3235
1691,52.8597,-59.6674,-6.80765,-52.8597
1692,52.6561,-59.3904,-6.73439,-52.6561
1693,50.1175,-55.6754,-5.55792,-50.1175
1694,50.9417,-56.3395,-5.39785,-50.9417
1695,51.1228,-49.5793,1.54352,-51.1228
1696,42.128,-48.7776,-6.64958,-42.128
1697,50.0109,-48.061,1.94996,-50.0109
1698,49.0822,-48.9065,0.175681,-49.0822
1699,28.3249,-32.7415,-4.41661,-28.3249
1700,47.7041,-38.6436,9.06048,-47.7041
1701,49.5416,-25.4056,24.136,-49.5416
1702,46.1066,-47.0942,-0.987655,-46.1066
1703,51.4436,-51.1691,0.27444,-51.4436
1704,43.0914,-49.0651,-5.97363,-43.0914
1705,46.937,-53.66,-6.72302,-46.937
1706,51.9421,-49.5012,2.44092,-51.9421
1707,52.7663,-58.5812,-5.81487,-52.7663
1708,53.3777,-59.8806,-6.50292,-53.3777
1709,52.876,-59.9255,-7.04948,-52.876
1710,26.0154,-30.0896,-4.07419,-26.0154
1711,52.7929,-58.4146,-5.62175,-52.7929
1712,53.3468,-58.4272,-5.08036,-53.3468
1713,53.5478,-60.9563,-7.40846,-53.5478
1714,53.899,-61.2649,-7.36584,-53.899
1715,53.2335,-61.0299,-7.79637,-53.2335
1716,52.5581,-60.445,-7.88689,-52.5581
1717,51.6669,-57.8052,-6.13837,-51.6669
1718,37.5253,-43.6596,-6.13434,-37.5253
1719,51.3298,-54.1523,-2.8226,-51.3298
1720,53.501,-58.3774,-4.87643,-53.501
1721,49.6416,-55.5085,-5.86691,-49.6416
1722,40.6002,-48.484,-7.88378,-40.6002
1723,50.7883,-56.2246,-5.43631,-50.7883
1724,51.0701,-53.2942,-2.22408,-51.0701
1725,46.2808,-49.5214,-3.24058,-46.2808
1726,51.1493,-54.1294,-2.98014,-51.1493
1727,49.1167,-41.5019,7.61484,-49.1167
1728,51.2682,-51.5321,-0.263913,-51.2682
1729,48.677,-37.7639,10.9131,-48.677
1730,52.318,-54.2652,-1.94718,-52.318
1731,51.4197,-57.0358,-5.61606,-51.4197
1732,40.609,-44.7183,-4.10924,-40.609
1733,51.7131,-58.8659,-7.15285,-51.7131
1734,52.5546,-57.5316,-4.97698,-52.5546
1735,51.9829,-57.4849,-5.50206,-51.9829
1736,42.8532,-48.0145,-5.16134,-42.8532
1737,51.8715,-59.766,-7.89448,-51.8715
1738,17.219,-23.2119,-5.99294,-17.219
1739,50.2619,-55.5113,-5.24944,-50.2619
1740,32.2365,-37.6408,-5.4043,-32.2365
1741,42.6326,-18.1622,24.4704,-42.6326
1742,48.9843,-48.3795,0.604844,-48.9843
1743,51.1049,-48.7719,2.33302,-51.1049
1744,46.0657,-51.9657,-5.90006,-46.0657
1745,51.8683,-59.7382,-7.86988,-51.8683
1746,52.1063,-59.7933,-7.68705,-52.1063
1747,50.7522,-55.252,-4.49974,-50.7522
1748,53.9919,-59.1903,-5.19843,-53.9919
1749,51.9459,-56.4333,-4.48739,-51.9459
1750,53.8988,-61.6816,-7.78274,-53.8988
1751,54.3781,-59.8299,-5.45184,-54.3781
1752,53.0834,-59.3499,-6.2665,-53.0834
1753,33.8577,-37.4097,-3.55197,-33.8577
1754,51.8639,-56.4837,-4.6198,-51.8639
1755,53.2483,-38.0071,15.2412,-53.2483
1756,34.3212,-39.7934,-5.4722,-34.3212
1757,35.8731,-41.6983,-5.82524,-35.8731
1758,47.2099,-33.0209,14.1889,-47.2099
1759,48.0023,-24.0848,23.9175,-48.0023
1760,52.3795,-42.4398,9.93978,-52.3795
1761,51.3722,-56.3015,-4.92937,-51.3722
1762,50.6944,-56.536,-5.84154,-50.6944
1763,53.3331,-58.8685,-5.5354,-53.3331
1764,52.7614,-59.5525,-6.79115,-52.7614
1765,42.1735,-47.8942,-5.72075,-42.1735
1766,53.8559,-61.068,-7.21209,-53.8559
1767,53.7334,-59.791,-6.05757,-53.7334
1768,49.3648,-53.6715,-4.30669,-49.3648
1769,53.3472,-58.7187,-5.37147,-53.3472
1770,49.1138,-54.7998,-5.68606,-49.1138
1771,49.6199,-54.1944,-4.57444,-49.6199
1772,41.3705,-41.2598,0.110695,-41.3705
1773,50.2906,-30.7744,19.5162,-50.2906
1774,50.4611,-52.1612,-1.70014,-50.4611
1775,31.9449,-37.4982,-5.55331,-31.9449
1776,51.6888,-25.0416,26.6472,-51.6888
1777,33.9506,-39.076,-5.12536,-33.9506
1778,52.0431,-54.7298,-2.68671,-52.0431
1779,47.2057,-53.6787,-6.47306,-47.2057
1780,51.4934,-50.2001,1.2933,-51.4934
1781,42.9448,-48.9846,-6.03985,-42.9448
1782,44.3554,-49.1781,-4.82275,-44.3554
1783,52.5018,-47.7939,4.70795,-52.5018
1784,52.7188,-59.2388,-6.52007,-52.7188
1785,53.7959,-60.8202,-7.02437,-53.7959
1786,50.8966,-54.4649,-3.56828,-50.8966
1787,50.6024,-55.3323,-4.72991,-50.6024
1788,43.9393,-49.661,-5.72164,-43.9393
1789,41.9242,-45.2465,-3.3223,-41.9242
1790,51.0931,-56.5526,-5.45945,-51.0931
1791,34.5021,-40.4152,-5.91313,-34.5021
1792,53.2033,-59.1017,-5.89842,-53.2033
1793,51.8624,-56.5737,-4.71132,-51.8624
1794,51.23,-57.1032,-5.87325,-51.23
1795,44.8783,-50.8296,-5.95129,-44.8783
1796,52.6546,-56.4046,-3.74999,-52.6546
1797,53.4361,-60.9538,-7.51767,-53.4361
1798,52.2448,-54.6388,-2.39406,-52.2448
1799,51.8153,-52.7968,-0.981428,-51.8153
1800,38.3792,-42.28,-3.90079,-38.3792
1801,46.4082,-46.7744,-0.366249,-46.4082
1802,52.7864,-40.7511,12.0353,-52.7864
1803,47.2881,-51.3915,-4.10342,-47.2881
1804,37.2963,-42.8731,-5.57675,-37.2963
1805,47.2322,-49.6515,-2.4193,-47.2322
1806,49.8116,-42.0381,7.7735,-49.8116
1807,50.1624,-52.2295,-2.06709,-50.1624
1808,51.7507,-46.6135,5.13722,-51.7507
1809,49.1647,-55.2902,-6.12549,-49.1647
1810,45.3279,-51.8126,-6.48464,-45.3279
1811,36.8942,-38.8671,-1.97285,-36.8942
1812,38.0511,-43.3226,-5.27145,-38.0511
1813,15.5777,-20.6161,-5.0384,-15.5777
1814,22.1513,-27.5606,-5.40929,-22.1513
1815,50.6098,-49.3385,1.27135,-50.6098
1816,47.9931,-54.1911,-6.198,-47.9931
1817,51.2944,-52.8607,-1.56637,-51.2944
1818,45.4051,-49.3568,-3.95174,-45.4051
1819,51.3894,-54.9514,-3.56207,-51.3894
1820,51.6103,-58.0093,-6.39899,-51.6103
1821,50.2107,-55.4198,-5.20913,-50.2107
1822,52.961,-53.666,-0.704998,-52.961
1823,51.4467,-45.6059,5.84078,-51.4467
1824,52.8586,-56.183,-3.32445,-52.8586
1825,53.8162,-60.245,-6.42883,-53.8162
1826,52.8453,-60.1016,-7.2563,-52.8453
1827,53.5439,-57.3411,-3.79719,-53.5439
1828,20.7552,-25.6318,-4.87658,-20.7552
1829,52.8521,-35.8517,17.0005,-52.8521
1830,48.1947,-49.9715,-1.7768,-48.1947
1831,52.5978,-59.4164,-6.81863,-52.5978
1832,41.676,-47.8699,-6.19389,-41.676
1833,24.9064,-30.1999,-5.29352,-24.9064
1834,16.4309,-21.59,-5.15913,-16.4309
1835,48.8605,-47.6862,1.17434,-48.8605
1836,50.8946,-55.7923,-4.89771,-50.8946
1837,50.186,-57.1333,-6.9473,-50.186
1838,51.8041,-57.8712,-6.0671,-51.8041
1839,51.6552,-59.1083,-7.45314,-51.6552
1840,52.4857,-58.453,-5.96735,-52.4857
1841,53.4877,-59.9881,-6.50043,-53.4877
1842,53.6765,-60.7744,-7.09791,-53.6765
1843,53.8795,-59.6036,-5.72411,-53.8795
1844,52.2677,-53.8063,-1.53851,-52.2677
1845,49.3223,-57.485,-8.16263,-49.3223
1846,54.002,-61.4948,-7.49284,-54.002
1847,52.8831,-60.0781,-7.19496,-52.8831
1848,53.6088,-61.6318,-8.02296,-53.6088
1849,51.3351,-58.6255,-7.2904,-51.3351
1850,32.204,-37.326,-5.12197,-32.204
1851,49.0022,-55.8485,-6.84626,-49.0022
1852,53.1419,-58.7776,-5.63563,-53.1419
1853,53.6393,-59.4448,-5.80544,-53.6393
1854,47.1897,-53.7399,-6.55011,-47.1897
1855,23.4333,-28.8864,-5.45309,-23.4333
1856,48.3917,-51.9138,-3.52208,-48.3917
1857,51.2701,-45.8871,5.38294,-51.2701
1858,36.8376,-40.9422,-4.10454,-36.8376
1859,46.6511,-51.227,-4.57589,-46.6511
1860,15.9859,-21.9466,-5.96075,-15.9859
1861,50.03,-49.9332,0.0968003,-50.03
1862,42.0323,-48.1076,-6.07529,-42.0323
1863,51.0557,-49.7777,1.27808,-51.0557
1864,51.4188,-48.052,3.36681,-51.4188
1865,51.534,-57.5704,-6.03641,-51.534
1866,50.1088,-53.9499,-3.84112,-50.1088
1867,52.1305,-56.436,-4.3055,-52.1305
1868,50.8965,-56.8946,-5.99808,-50.8965
1869,52.5293,-59.1966,-6.66725,-52.5293
1870,39.8069,-45.2415,-5.43463,-39.8069
1871,41.2989,-47.7407,-6.44176,-41.2989
1872,52.1227,-59.2892,-7.16648,-52.1227
1873,49.7435,-54.9943,-5.25086,-49.7435
1874,49.6332,-53.0369,-3.40373,-49.6332
1875,43.5638,-49.9657,-6.4019,-43.5638
1876,50.4516,-56.9102,-6.45863,-50.4516
1877,45.2069,-50.4292,-5.22233,-45.2069
1878,42.3944,-48.7283,-6.3339,-42.3944
1879,51.5677,-41.8605,9.70718,-51.5677
1880,50.1444,-30.5527,19.5917,-50.1444
1881,51.3694,-56.5703,-5.20089,-51.3694
1882,51.8169,-57.6839,-5.86703,-51.8169
1883,52.7129,-57.3802,-4.66734,-52.7129
1884,45.7475,-50.1827,-4.43517,-45.7475
1885,52.0083,-57.1261,-5.11784,-52.0083
1886,24.8164,-30.2406,-5.42427,-24.8164
1887,50.1162,-58.1052,-7.98898,-50.1162
1888,49.8109,-33.9319,15.8789,-49.8109
1889,52.7668,-41.2918,11.4751,-52.7668
1890,53.1705,-27.0074,26.1631,-53.1705
1891,51.7574,-58.8855,-7.12811,-51.7574
1892,52.5312,-35.4059,17.1253,-52.5312
1893,28.5887,-33.878,-5.28926,-28.5887
1894,49.4229,-55.2989,-5.87602,-49.4229
1895,52.5612,-41.8518,10.7094,-52.5612
1896,50.1044,-50.1544,-0.0500395,-50.1044
1897,52.6556,-56.9896,-4.33401,-52.6556
1898,29.9573,-35.3784,-5.42114,-29.9573
1899,46.2352,-39.8014,6.43384,-46.2352
1900,51.7161,-41.0511,10.6649,-51.7161
1901,34.7361,-37.9545,-3.21835,-34.7361
1902,45.7182,-52.4325,-6.71428,-45.7182
1903,40.6179,-45.7748,-5.15691,-40.6179
1904,50.1901,-36.3509,13.8392,-50.1901
1905,48.9668,-49.7653,-0.798495,-48.9668
1906,49.3511,-50.4093,-1.05818,-49.3511
1907,42.8125,-48.9442,-6.1317,-42.8125
1908,42.8428,-49.4497,-6.60694,-42.8428
1909,50.9964,-44.3472,6.64914,-50.9964
1910,45.5822,-50.5439,-4.96179,-45.5822
1911,46.7404,-27.3527,19.3877,-46.7404
1912,44.565,-48.5389,-3.97389,-44.565
1913,43.2037,-48.2501,-5.0464,-43.2037
1914,49.5458,-52.7425,-3.19673,-49.5458
1915,43.3943,-49.3039,-5.9096,-43.3943
1916,51.5273,-37.8201,13.7073,-51.5273
1917,49.1592,-48.8195,0.339702,-49.1592
1918,5.50592,-11.7297,-6.22378,-5.50592
1919,36.5676,-43.0984,-6.5308,-36.5676
1920,37.4368,-41.7598,-4.32295,-37.4368
1921,35.2208,-41.4074,-6.18655,-35.2208
1922,49.765,-46.4792,3.28574,-49.765
1923,37.3213,-25.7334,11.5879,-37.3213
1924,19.0008,-24.4302,-5.42939,-19.0008
1925,39.5783,-44.859,-5.28073,-39.5783
1926,38.9114,-41.6194,-2.708,-38.9114
1927,28.7249,-32.5356,-3.81077,-28.7249
1928,48.3012,-30.4055,17.8958,-48.3012
1929,47.1353,-36.1992,10.9361,-47.1353
1930,31.2794,-36.1846,-4.90518,-31.2794
1931,46.9867,-29.5005,17.4862,-46.9867
1932,45.3492,-50.6974,-5.34822,-45.3492
1933,18.1792,-23.7508,-5.57157,-18.1792
1934,50.4657,-29.5718,20.8939,-50.4657
1935,45.6065,-32.8439,12.7626,-45.6065
1936,51.4595,-46.9414,4.5181,-51.4595
1937,50.5782,-45.3908,5.18743,-50.5782
1938,52.0645,-53.4854,-1.42081,-52.0645
1939,49.1145,-47.7453,1.36918,-49.1145
1940,49.5241,-55.5532,-6.02906,-49.5241
1941,42.2884,-47.8695,-5.58104,-42.2884
1942,52.4633,-58.9297,-6.46643,-52.4633
1943,49.1057,-51.625,-2.5193,-49.1057
1944,49.4838,-56.1116,-6.62774,-49.4838
1945,38.9217,-43.1535,-4.23175,-38.9217
1946,42.4943,-45.5088,-3.01451,-42.4943
1947,50.7672,-50.3153,0.451848,-50.7672
1948,48.7474,-51.8714,-3.12398,-48.7474
1949,43.0807,-47.8121,-4.73148,-43.0807
1950,45.9985,-47.2532,-1.25471,-45.9985
1951,49.4878,-48.0383,1.44947,-49.4878
1952,50.5616,-56.4293,-5.86772,-50.5616
1953,51.1752,-53.2606,-2.08544,-51.1752
1954,50.3865,-51.6895,-1.303,-50.3865
1955,40.4008,-45.9181,-5.51728,-40.4008
1956,42.8075,-47.376,-4.56852,-42.8075
1957,51.5974,-57.2424,-5.64499,-51.5974
1958,50.9482,-54.4156,-3.46744,-50.9482
1959,51.6598,-57.4016,-5.74174,-51.6598
1960,53.0763,-37.1026,15.9737,-53.0763
1961,47.8395,-51.7999,-3.96036,-47.8395
1962,50.2232,-55.6158,-5.39253,-50.2232
1963,30.7807,-35.1636,-4.38287,-30.7807
1964,51.8271,-43.2193,8.60782,-51.8271
1965,47.3597,-53.6891,-6.32943,-47.3597
1966,53.0348,-55.4384,-2.40359,-53.0348
1967,52.3115,-58.0464,-5.7349,-52.3115
1968,50.4319,-55.0861,-4.6542,-50.4319
1969,50.274,-52.6768,-2.40287,-50.274
1970,53.0889,-58.766,-5.6771,-53.0889
1971,40.9538,-45.1172,-4.16345,-40.9538
1972,51.1313,-53.5776,-2.44637,-51.1313
1973,52.3018,-47.8683,4.43353,-52.3018
1974,51.868,-56.1674,-4.29943,-51.868
1975,51.8407,-42.6131,9.22754,-51.8407
1976,44.8114,-50.6029,-5.79152,-44.8114
1977,49.8385,-27.9497,21.8888,-49.8385
1978,46.0685,-39.2552,6.81332,-46.0685
1979,28.1423,-30.77,-2.62767,-28.1423
1980,37.4806,-43.4909,-6.01032,-37.4806
1981,24.049,-29.977,-5.92798,-24.049
1982,41.8472,-36.1861,5.66102,-41.8472
1983,51.3692,-38.3581,13.0111,-51.3692
1984,45.1326,-49.8284,-4.69581,-45.1326
1985,34.0714,-39.0689,-4.99749,-34.0714
1986,49.9922,-40.8213,9.17095,-49.9922
1987,50.9349,-32.786,18.1489,-50.9349
1988,42.7413,-44.702,-1.96068,-42.7413
1989,44.8466,-48.4561,-3.60949,-44.8466
1990,42.6063,-45.1512,-2.54485,-42.6063
1991,47.5225,-52.7707,-5.24816,-47.5225
1992,16.446,-18.1997,-1.75372,-16.446
1993,46.9434,-42.9119,4.03146,-46.9434
1994,41.4111,-44.5511,-3.14002,-41.4111
1995,51.6249,-50.5648,1.06013,-51.6249
1996,46.2393,-51.4831,-5.24372,-46.2393
1997,51.9382,-39.3311,12.6071,-51.9382
1998,51.0723,-56.6329,-5.56055,-51.0723
1999,50.1775,-52.7904,-2.61297,-50.1775
2000,48.4386,-53.8001,-5.36155,-48.4386
2001,50.2845,-56.3466,-6.06206,-50.2845
2002,49.116,-47.0783,2.03771,-49.116
2003,45.6651,-50.9891,-5.32395,-45.6651
2004,47.8585,-52.2496,-4.39108,-47.8585
2005,47.158,-53.9334,-6.77544,-47.158
2006,48.029,-48.2176,-0.188579,-48.029
2007,37.0846,-43.076,-5.99136,-37.0846
2008,50.0853,-53.8161,-3.73086,-50.0853
2009,48.2841,-53.2829,-4.9988,-48.2841
2010,48.8961,-55.4662,-6.57014,-48.8961
2011,40.6965,-46.6801,-5.98365,-40.6965
2012,44.396,-49.9698,-5.57384,-44.396
2013,43.4389,-49.0844,-5.64549,-43.4389
2014,46.5645,-51.8389,-5.27441,-46.5645
2015,46.5175,-48.8445,-2.32702,-46.5175
2016,51.6405,-57.3716,-5.73113,-51.6405
2017,50.3564,-47.5344,2.82203,-50.3564
2018,51.6967,-52.1129,-0.416183,-51.6967
2019,43.6137,-46.7461,-3.13242,-43.6137
2020,41.8121,-43.1216,-1.30942,-41.8121
2021,31.2444,-37.7483,-6.50392,-31.2444
2022,48.6054,-51.5041,-2.89865,-48.6054
2023,44.7912,-52.2551,-7.46388,-44.7912
2024,49.4536,-45.0651,4.38844,-49.4536
2025,44.4472,-50.3658,-5.91867,-44.4472
2026,41.8914,-46.485,-4.59358,-41.8914
2027,41.4699,-45.0763,-3.60639,-41.4699
2028,41.181,-41.8092,-0.628207,-41.181
2029,48.6217,-54.0987,-5.47701,-48.6217
2030,36.8248,-41.7204,-4.89563,-36.8248
2031,38.6466,-44.5431,-5.89657,-38.6466
2032,49.3705,-50.1061,-0.735579,-49.3705
2033,48.3833,-30.1832,18.2001,-48.3833
2034,45.7404,-43.4884,2.25199,-45.7404
2035,46.58,-38.3471,8.23283,-46.58
2036,49.8996,-51.7056,-1.80601,-49.8996
2037,44.4866,-48.4228,-3.93617,-44.4866
2038,46.5914,-51.7679,-5.17646,-46.5914
2039,24.5706,-24.6462,-0.0756496,-24.5706
2040,46.9843,-51.743,-4.75868,-46.9843
2041,48.0484,-40.6428,7.40557,-48.0484
2042,43.6773,-48.8895,-5.2122,-43.6773
2043,43.406,-45.9711,-2.56506,-43.406
2044,33.1045,-38.042,-4.93753,-33.1045
2045,35.9198,-36.9494,-1.02961,-35.9198
2046,48.3107,-47.0008,1.30992,-48.3107
2047,47.1557,-54.1047,-6.94896,-47.1557
2048,43.1023,-45.1726,-2.07031,-43.1023
2049,43.5425,-48.1044,-4.56194,-43.5425
2050,43.6259,-44.9083,-1.28243,-43.6259
2051,48.3914,-49.8674,-1.47603,-48.3914
2052,47.5119,-41.3618,6.15004,-47.5119
2053,45.7259,-51.7613,-6.03536,-45.7259
2054,30.851,-36.4493,-5.59828,-30.851
2055,47.6373,-50.0716,-2.43431,-47.6373
2056,49.671,-39.1695,10.5015,-49.671
2057,48.6605,-47.7227,0.93781,-48.6605
2058,48.0024,-47.2785,0.723891,-48.0024
2059,47.4481,-47.5167,-0.0686068,-47.4481
2060,43.2931,-48.8197,-5.5266,-43.2931
